"model","resolution_x","resolution_y","pixel_size_um","sensor_format","color_mode","shutter_type","max_fps","interface","bandwidth_mbps","bit_depth","dynamic_range_db","lens_mount"
"A3051CG000E","800","600","4.8","1/3.6""CMOS","Color","Global","120","GigE","120","10","60","C"
"A3051MG000E","800","600","4.8","1/3.6""CMOS","Color","Global","120","GigE","120","10","60","C"
"A3051MG100E","800","600","4.8","1/3.6""CMOS","Mono","Global","120","GigE","120","10","60","C"
"A3131CG000E","1280","1024","4.8","1/2""CMOS","Color","Global","60","GigE","120","10","60","C"
"A3131MG000E","1280","1024","4.8","1/2""CMOS","黑白","Global","60","GigE","120","10","60","C"
"A3131MG100E","1280","1024","4.8","1/2""CMOS","Mono","Global","60","GigE","120","10","60","C"
"A3138CG000E","1280","1024","4","1/2.7""CMOS","Mono","Global","92","GigE","120","10","60","C"
"A3138CU000E","1280","1024","4","1/2.7""CMOS","Color","Global","201","USB3","380","10","60","C"
"A3138MG000E","1280","1024","4","1/2.7""CMOS","Mono","Global","92","GigE","120","10","60","C"
"A3138MU000E","1280","1024","4","1/2.7""CMOS","Mono","Global","201","USB3","380","10","60","C"
"A3139CG000E","1280","1024","4.8","1/2""CMOS","Color","Global","92","GigE","120","10","58","C"
"A3139CU000E","1280","1024","4.8","1/2""CMOS","Color","Global","210","USB3","380","10","60","C"
"A3139MG000E","1280","1024","4.8","1/2""CMOS","Mono","Global","92","GigE","120","10","58","C"
"A3504CG000E","2592","1944","2.2","1/2.5""CMOS","Color","Rolling","23","GigE","120","12","74.3","C"
"A3504CG100E","2592","1944","2.2","1/2.5""CMOS","Color","Rolling","23","GigE","120","12","74.3","C"
"A3504CU000E","2592","1944","2.2","1/2.5""CMOS","Color","Rolling","48","USB3","380","12","63","C"
"A3504MG000E","2592","1944","2.2","1/2.5""CMOS","Mono","Rolling","23","GigE","120","12","74.3","C"
"A3504MG100E","2592","1944","2.2","1/2.5""CMOS","Mono","Rolling","23","GigE","120","12","74.3","C"
"A3504MU000E","2592","1944","2.2","1/2.5""CMOS","Mono","Rolling","48","USB3","380","12","63","C"
"A3514MG000E","2592","1944","2.2","1/2.5""CMOS","Mono","Rolling","14","GigE","120","10","0","C"
"A3600CG18E","3072","2048","2.4","1/1.8""CMOS","Color","Rolling","19","GigE","120","12","66","C"
"A3600CU60E","3072","2048","2.4","1/1.8""CMOS","Color","Rolling","60","USB3","380","10","66","C"
"A3600MG100E","3072","2048","2.4","1/1.8""CMOS","Mono","Rolling","18","GigE","120","12","73","C"
"A3600MG18E","3072","2048","2.4","1/1.8""CMOS","Mono","Rolling","19","GigE","120","12","73","C"
"A3600MU60E","3072","2048","2.4","1/1.8""CMOS","Mono","Rolling","60","USB3","380","10","66","C"
"A3A20CG8E","4000","3000","1.85","1/1.7""CMOS","Color","Rolling","10","GigE","120","12","60","C"
"A3A20CU24E","4000","3000","1.85","1/1.7""CMOS","Color","Rolling","30","USB3","380","10","66","C"
"A3A20MG8E","4000","3000","1.85","1/1.7""CMOS","Mono","Rolling","10","GigE","120","12","60","C"
"A3A20MU24E","4000","3000","1.85","1/1.7""CMOS","Mono","Rolling","30","USB3","380","10","66","C"
"A3B00CG000E","5472","3648","2.4","1""CMOS","Color","Rolling","6","GigE","120","10","60","C"
"A3B00CU000E","5472","3648","2.4","1"" CMOS","Color","Rolling","19.66","USB3","380","10","66","C"
"A3B00MG000E","5472","3648","2.4","1""CMOS","Mono","Rolling","6","GigE","120","10","60","C"
"A3B00MU000E","5472","3648","2.4","1"" CMOS","Mono","Rolling","19.66","USB3","380","10","66","C"
"A5031CG300E","640","480","4.8","1/4""CMOS","Color","Global","300","GigE","120","10","60","C"
"A5031CU815E","640","480","4.8","1/4""CMOS","Color","Global","815","USB3","380","10","60","C"
"A5031MG300E","640","480","4.8","1/4""CMOS","Mono","Global","300","GigE","120","10","60","C"
"A5031MU815E","640","480","4.8","1/4""CMOS","Mono","Global","815","USB3","380","10","60","C"
"A5051CG200E","800","600","4.8","1/3.6""CMOS","Color","Global","200","GigE","120","8","60","C"
"A5051CU545E","800","600","4.8","1/3.6""CMOS","Color","Global","545","USB3","380","10","60","C"
"A5051MG200E","800","600","4.8","1/3.6""CMOS","Mono","Global","200","GigE","120","8","60","C"
"A5051MU545E","800","600","4.8","1/3.6""CMOS","Mono","Global","545","USB3","380","10","60","C"
"A5131CG75E","1280","1024","4.8","1/2""CMOS","Color","Global","90","GigE","120","10","60","C"
"A5131CU210E","1280","1024","4.8","1/2""CMOS","Color","Global","208","USB3","380","10","60","C"
"A5131MG75E","1280","1024","4.8","1/2""CMOS","Mono","Global","90","GigE","120","10","60","C"
"A5131MG75E-NIR","1280","1024","4.8","1/2""CMOS","Mono","Global","90","GigE","120","10","60","C"
"A5131MU001E","1280","1024","4.8","1/2""CMOS","Mono","Global","90","USB3","380","10","60","C"
"A5131MU210E","1280","1024","4.8","1/2""CMOS","Mono","Global","208","USB3","380","10","60","C"
"A5200CU000E","1624","1240","4.5","1/1.7""CMOS","Color","Global","89","USB3","380","12","0","C"
"A5200MU000E","1624","1240","4.5","1/1.7""CMOS","Mono","Global","89","USB3","380","12","70",""
"A5201CG50E","1920","1200","4.8","2/3""CMOS","Color","Global","50","GigE","120","10","60","C"
"A5201CK402E","1920","1200","4.8","2/3""CMOS","Color","Global","37.8","CameraLink","680","10","60","C"
"A5201CU150E","1920","1200","4.8","2/3""CMOS","Color","Global","150","USB3","380","10","60","C"
"A5201MG50E","1920","1200","4.8","2/3""CMOS","Mono","Global","50","GigE","120","10","60","C"
"A5201MG50E-NIR","1920","1200","4.8","2/3""CMOS","Mono","Global","50","GigE","120","10","60","C"
"A5201MK402E","1920","1200","4.8","2/3""CMOS","Mono8/10","Global","37.8","CameraLink","680","10","60","C"
"A5201MU150E","1920","1200","4.8","2/3""CMOS","Mono","Global","150","USB3","380","10","60","C"
"A5402CU90E","2048","2048","5.5","1""CMOS","Color","Global","90","USB3","380","10","60","C"
"A5402MU90E","2048","2048","5.5","1""CMOS","Mono","Global","90","USB3","380","10","60","C"
"A5501CG20E","2592","2048","4.8","1""CMOS","Color","Global","20","GigE","120","10","60","C"
"A5501CU60E","2592","2048","4.8","1""CMOS","Color","Global","60","USB3","380","10","60","C"
"A5501MG20E","2592","2048","4.8","1""CMOS","Mono","Global","20","GigE","120","10","60","C"
"A5501MG20E-NIR","2592","2048","4.8","1""CMOS","Mono","Global","20","GigE","120","10","60","C"
"A5501MU60E","2592","2048","4.8","1""CMOS","Mono","Global","60","USB3","380","10","60","C"
"A5B57CG200E","5120","5120","2.5","CMOS","Color","Global","4","GigE","120","12","64","C"
"A5B57CU200E","5120","5120","2.5","1.1""CMOS","Color","Global","14","USB3","380","12","64","C"
"A5B57MG200E","5120","5120","2.5","1.1""CMOS","Mono","Global","4","GigE","120","12","64","C"
"A5B57MK200E","5120","5120","2.5","1.1""CMOS","Mono","Global","30","CameraLink","680","10","64","C"
"A5B57MU200E","5120","5120","2.5","1.1""CMOS","Mono","Global","14","USB3","380","12","64","C"
"A7040CG000E","720","540","6.9","1/2.9''CMOS","Color","Global","300","GigE","120","12","70","C"
"A7040CK402E","720","540","6.9","1/2.9"" CMOS","Color","Global","349","CameraLink","680","10","70","C"
"A7040CU000E","720","540","6.9","1/2.9"" CMOS","Color","Global","437","USB3","380","10","70","C"
"A7040MG000E","720","540","6.9","1/2.9''CMOS","Mono","Global","300","GigE","120","12","70","C"
"A7040MK402E","720","540","6.9","1/2.9"" CMOS","Mono","Global","349","CameraLink","680","10","70","C"
"A7040MU000E","720","540","6.9","1/2.9"" CMOS","Mono","Global","437","USB3","380","10","70","C"
"A7160CG000E","1440","1080","3.45","1/2.9''CMOS","Color","Global","77","GigE","120","12","70","C"
"A7160CU000E","1440","1080","3.45","1/2.9""CMOS","Color","Global","249","USB3","380","12","70","C"
"A7160MG000E","1440","1080","3.45","1/2.9""CMOS","Mono","Global","77","GigE","120","12","60","C"
"A7160MU000E","1440","1080","3.45","1/2.9""CMOS","Mono","Global","249","USB3","380","12","70","C"
"A7200CG30E","1920","1200","5.86","1/1.2''CMOS","Color","Global","38","GigE","120","12","70","C"
"A7200CU130E","1920","1200","5.86","1/1.2"" CMOS","Color","Global","164","USB3","380","10","70","C"
"A7200MG30E","1920","1200","5.86","1/1.2''CMOS","Mono","Global","38","GigE","120","12","70","C"
"A7200MU130E","1920","1200","5.86","1/1.2"" CMOS","Mono","Global","164","USB3","380","10","70","C"
"A7230CU000E","1920","1200","3.45","1/2.3""CMOS","Color","Global","167","USB3","380","10","70","C"
"A7230MU000E","1920","1200","3.45","1/2.3""CMOS","Mono","Global","167","USB3","380","10","70","C"
"A7300CG30E","2048","1536","3.45","1/1.8''CMOS","Color","Global","36","GigE","120","12","70","C"
"A7300CU90E","2048","1536","3.45","1/1.8"" CMOS","Color","Global","120","USB3","380","10","70","C"
"A7300MG30E","2048","1536","3.45","1/1.8''CMOS","Mono","Global","36","GigE","120","12","70","C"
"A7300MK200E","2048","1536","3.45","1/1.8"" CMOS","Mono","Global","188","CameraLink","680","10","70","C"
"A7300MU90E","2048","1536","3.45","1/1.8"" CMOS","Mono","Global","120","USB3","380","10","70","C"
"A7500CG20E","2448","2048","3.45","2/3""CMOS","Color","Global","24","GigE","120","12","60","C"
"A7500CK200E","2448","2048","3.45","2/3"" CMOS","Color","Global","150","CameraLink","680","10","70","C"
"A7500CU35E","2448","2048","3.45","2/3"" CMOS","Color","Global","68","USB3","380","12","70","C"
"A7500CU75E","2448","2048","3.45","2/3"" CMOS","Color","Global","75","USB3","380","10","70","C"
"A7500MG20E","2448","2048","3.45","2/3""CMOS","Mono","Global","24","GigE","120","12","60","C"
"A7500MK200E","2448","2048","3.45","2/3"" CMOS","Mono","Global","150","CameraLink","680","10","70","C"
"A7500MK402E","2448","2048","3.45","2/3"" CMOS","Mono","Global","30.2","CameraLink","680","12","70","C"
"A7500MU35E","2448","2048","3.45","2/3"" CMOS","Mono","Global","68","USB3","380","12","70","C"
"A7500MU75E","2448","2048","3.45","2/3"" CMOS","Mono","Global","75","USB3","380","10","70","C"
"A7501CG010E","2592","2048","3.2","2/3""CMOS","Color","Global","21","GigE","120","12","60","C"
"A7501CU001E","2592","2048","3.2","2/3""CMOS","Color","Global","43","USB3","380","12","70","C"
"A7501MG010E","2592","2048","3.2","2/3""CMOS","Mono","Global","21","GigE","120","12","60","C"
"A7501MU000E","2592","2048","3.2","2/3""CMOS","Mono","Global","71","USB3","380","12","70","C"
"A7501MU001E","2592","2048","3.2","2/3""CMOS","Mono","Global","43","USB3","380","12","64","C"
"A7900CG13E","4096","2160","3.45","1''CMOS","Color","Global","13","GigE","120","12","70","C"
"A7900CG400E","4096","2160","3.45","1''CMOS","Color","Global","13","GigE","120","12","70","C"
"A7900CK401E","4096","2160","3.45","1""CMOS","Color","Global","27","CameraLink","680","8","70","C"
"A7900CU200E","4096","2160","3.45","1""CMOS","Color","Global","40","USB3","380","10","70","C"
"A7900CU201E","4096","2160","3.45","1"" CMOS","Color","Global","32","USB3","380","12","70","C"
"A7900MG13E","4096","2160","3.45","1''CMOS","Mono","Global","13","GigE","120","12","70","C"
"A7900MG400E","4096","2160","3.45","1''CMOS","Mono","Global","13","GigE","120","12","70","C"
"A7900MU200E","4096","2160","3.45","1"" CMOS","Mono","Global","40","USB3","380","10","70","C"
"A7900MU201E","4096","2160","3.45","1"" CMOS","Mono","Global","32","USB3","380","12","70","C"
"A7A20CG9E","4096","3000","3.45","1.1''CMOS","Color","Global","9","GigE","120","12","70","C"
"A7A20CK401E","4096","3000","3.45","1.1""CMOS","Color","Global","20","CameraLink","680","10","70","C"
"A7A20CU201E","4096","3000","3.45","1.1"" CMOS","Color","Global","30.5","USB3","380","12","70","C"
"A7A20CU30E","4096","3000","3.45","1.1"" CMOS","Color","Global","30","USB3","380","10","70","C"
"A7A20MG9E","4096","3000","3.45","1.1''CMOS","Mono","Global","9","GigE","120","12","70","C"
"A7A20MK401E","4096","3000","3.45","1.1"" CMOS","Mono","Global","20","CameraLink","680","10","70","C"
"A7A20MU201E","4096","3000","3.45","1.1"" CMOS","Mono","Global","30.5","USB3","380","12","70","C"
"A7A20MU30E","4096","3000","3.45","1.1"" CMOS","Mono","Global","30","USB3","380","10","70","C"
"A7A21CK401E","4096","3072","3.2","1""CMOS","Color","Global","18","CameraLink","680","10","70","C"
"A7A21MG400E","4096","3072","3.2","1''CMOS","Mono","Global","9","GigE","120","12","70","C"
"A7A21MK200E","4096","3072","3.2","1"" CMOS","Mono","Global","56","CameraLink","680","10","70","C"
"A7A21MK401E","4096","3072","3.2","1""CMOS","Mono","Global","18","CameraLink","680","10","70","C"
"A7A21MU200E","4096","3072","3.2","1""CMOS","Mono","Global","28.6","USB3","380","12","65","C"
"A7A2AMU000E","4096","3000","2.74","1/1.1""CMOS","Mono","Global","31","USB3","380","10","70","C"
"A9507CX703E","2592","2160","2.5","6.5 mm × 5.4 mm CMOS","Color","Global","210","CoaXPress","1200","10","62","C"
"A9507MX703E","2592","2160","2.5","6.5 mm × 5.4 mm CMOS","Mono","Global","210","CoaXPress","1200","12","62","C"
"A9907MX703E","4192","2160","2.5","10.5 mm × 5.4 mm CMOS","Mono","Global","120","CoaXPress","1200","12","62","C"
"A9A27CX703E","4096","3072","2.5","11.27 mm × 10.24 mm CMOS","Color","Global","85","CoaXPress","1200","12","66.9","C"
"A9A27MX703E","4096","3072","2.5","11.27 mm × 10.24 mm CMOS","Mono","Global","85","CoaXPress","1200","12","66.9","C"
"A9A87MX703E","4496","4096","2.5","11.27 mm × 10.24 mm CMOS","Mono","Global","64","CoaXPress","1200","12","66.9","C"
"A9B57CP050E","5120","5120","2.5","1.1""CMOS","Color","Global","150","CoaXPress","2400","10","63","M58"
"A9B57CP340E","5120","5120","2.5","1.1""CMOS","Color","Global","150","CoaXPress","2400","10","63","M42"
"A9B57CX200E","5120","5120","2.5","1.1"" CMOS","Color","Global","90","CoaXPress","1200","10","63","C"
"A9B57CX250E","5120","5120","2.5","1.1"" CMOS","Color","Global","90","CoaXPress","1200","10","63","M58"
"A9B57CX703E","5120","5120","2.5","1.1"" CMOS","Color","Global","41.8","CoaXPress","1200","12","63","C"
"A9B57MP050E","5120","5120","2.5","1.1""CMOS","Mono","Global","150","CoaXPress","2400","10","63","M58"
"A9B57MP340E","5120","5120","2.5","1.1""CMOS","Mono","Global","150","CoaXPress","2400","10","63","M42"
"A9B57MX200E","5120","5120","2.5","1.1"" CMOS","Mono","Global","90","CoaXPress","1200","10","63","C"
"A9B57MX250E","5120","5120","2.5","1.1"" CMOS","Mono","Global","90","CoaXPress","1200","10","63","M58"
"A9B57MX703E","5120","5120","2.5","1.1""CMOS","Mono","Global","42","CoaXPress","1200","12","63","C"
"AB3051MG020E","800","600","4.5","1/3.6""CMOS","Mono","Global","120","GigE","120","10","60","CS-mount"
"AB3131MG023E","1280","1024","4.8","1/2""CMOS","Mono","Global","60","GigE","120","10","60","CS-mount"
"AB3138CU000E","1280","1024","4","1/2.7""CMOS","Color","Global","201","USB3","380","10","60","C"
"AB3138MU000E","1280","1024","4","1/2.7""CMOS","Mono","Global","201","USB3","380","10","60","C"
"AB3600CU000E","3072","2048","2.4","1/1.8""CMOS","Color","Rolling","60","USB3","380","10","66","C"
"AB3600CU010E","3072","2048","2.4","1/1.8""CMOS","Color","Rolling","60","USB3","380","10","66","M12"
"AB3600MG000E","3072","2048","2.4","1/1.8""CMOS","Mono","Rolling","18","GigE","120","10","60","C"
"AB3600MU000E","3072","2048","2.4","1/1.8""CMOS","Mono","Rolling","60","USB3","380","10","66","C"
"AB3A20CU000E","4000","3000","1.85","1/1.7""CMOS","Color","Rolling","30","USB3","380","10","66","C"
"AB3A20MU000E","4000","3000","1.85","1/1.7""CMOS","Mono","Rolling","30","USB3","380","10","66","C"
"AB5131CU000E","1280","1024","4.8","1/2""CMOS","Color","Global","208","USB3","380","10","60","C"
"AB5131MU000E","1280","1024","4.8","1/2""CMOS","Mono","Global","208","USB3","380","10","60","C"
"AB5207MU212E-C","2048","1200","4","1/1.7"" CMOS","Mono","Global","81","USB3","380","10","60","C"
"AB7160CU000E","1440","1080","3.45","1/2.9""CMOS","Color","Global","249","USB3","380","12","70","C"
"AB7200MU000E","1920","1200","5.86","1/1.2""CMOS","Mono","Global","164","USB3","380","10","70","C"
"AB7200MU102E","1920","1200","5.86","1/1.2""CMOS","Mono","Global","164","USB3","380","10","70","C"
"AB7300CU102E","2048","1536","3.45","1/1.8""CMOS","Color","Global","120","USB3","380","10","70","C"
"AB7300MU102E","2048","1536","3.45","1/1.8""CMOS","Mono","Global","120","USB3","380","10","70","C"
"AB7A20MU102E","4096","3000","3.45","1.1"" CMOS","Mono","Global","23.4","USB3","380","12","70","C"
"AE0500GCSE","2448","2048","3.45","2/3""CMOS","Color","Global","68","FAKRA","120","12","73","C"
"AE0500GMSE","2448","2048","3.45","2/3""CMOS","Mono","Global","68","FAKRA","120","12","73","C"
"AE1200GCSE","4096","3000","3.45","1.1""CMOS","Color","Global","30.2","FAKRA","120","12","70.6","C"
"AE1200GMSE","4096","3000","3.45","1.1""CMOS","Mono","Global","30.2","FAKRA","120","12","70.6","C"
"AE2000RCSE","5472","3648","2.4","1""CMOS","Color","Rolling/GlobalResetRealease","22","FAKRA","120","12","61.5","C"
"AE2000RMSE","5472","3648","2.4","1""CMOS","Mono","Rolling/GlobalResetRealease","22","FAKRA","120","12","61.5","C"
"AE3138CG000E","1280","1024","4","1/2.7""CMOS","Color","Global","92","GigE","120","10","51.9","C"
"AE3138CG010E","1280","1024","4","1/2.7""CMOS","Color","Global","92","GigE","120","10","60","C"
"AE3138MG000E","1280","1024","4","1/2.7""CMOS","Mono","Global","92","GigE","120","10","51.7","C"
"AE3138MG010E","1280","1024","4","1/2.7""CMOS","Mono","Global","92","GigE","120","10","60","C"
"AE3139CG000E","1280","1024","4.8","1/2""CMOS","Color","Global","92","GigE","120","10","65.1","C"
"AE3139MG000E","1280","1024","4.8","1/2""CMOS","Mono","Global","92","GigE","120","10","53.4","C"
"AE3504CG000E","2592","1944","2.2","1/2.5""CMOS","Color","Rolling/GlobalResetRealease","23","GigE","120","10","65.1","C"
"AE3504CG010E","2592","1944","2.2","1/2.5""CMOS","Color","Rolling","23","GigE","120","12","66","C"
"AE3504MG000E","2592","1944","2.2","1/2.5""CMOS","Mono","Rolling/GlobalResetRealease","23","GigE","120","10","66.2","C"
"AE3504MG010E","2592","1944","2.2","1/2.5""CMOS","Mono","Rolling","23","GigE","120","12","66","C"
"AE3600CG000E","3072","2048","2.4","1/1.8""CMOS","Color","Rolling/GlobalResetRealease","19.2","GigE","120","12","73","C"
"AE3600CG010E","3072","2048","2.4","1/1.8""CMOS","Color","Rolling","19","GigE","120","12","66","C"
"AE3600MG000E","3072","2048","2.4","1/1.7""CMOS","Mono","Rolling/GlobalResetRealease","19.2","GigE","120","12","73","C"
"AE3600MG010E","3072","2048","2.4","1/1.8""CMOS","Mono","Rolling","19","GigE","120","12","73","C"
"AE3A20CG000E","4024","3036","1.85","1/1.7""CMOS","Color","Rolling/GlobalResetRealease","9.8","GigE","120","12","73","C"
"AE3A20CG010E","4000","3000","1.85","1/1.7""CMOS","Color","Rolling","10","GigE","120","12","60","C"
"AE3A20MG000E","4024","3036","1.85","1/1.7""CMOS","Mono","Rolling/GlobalResetRealease","9.8","GigE","120","12","73","C"
"AE3A20MG010E","4000","3000","1.85","1/1.7""CMOS","Mono","Rolling","10","GigE","120","12","60","C"
"AE3B00CG010E","5472","3648","2.4","1""CMOS","Color","Rolling","6","GigE","120","10","60","C"
"AE3B00MG010E","5472","3648","2.4","1""CMOS","Mono","Rolling","6","GigE","120","12","60","C"
"AE5048CG000E","720","544","6.9","1/2.9""CMOS","Color","Global","308","GigE","120","12","61.5","C"
"AE5048MG000E","720","544","6.9","1/2.9""CMOS","Mono","Global","308","GigE","120","12","61.5","C"
"AE5137CG010E","1280","1024","4","1/1.7""CMOS","Color","Global","90","GigE","120","12","66","C"
"AE5137MG010E","1280","1024","4","1/1.7""CMOS","Mono","Global","90","GigE","120","12","66","C"
"AE5168CG000E","1440","1088","3.45","1/2.9""CMOS","Color","Global","77","GigE","120","12","61.5","C"
"AE5168MG000E","1440","1088","3.45","1/2.9""CMOS","Mono","Global","77","GigE","120","12","61.5","C"
"AE5200CG010E","1624","1240","4.5","1/1.7""CMOS","Color","Global","60","GigE","120","10","60","C"
"AE5200MG010E","1624","1240","4.5","1/1.7""CMOS","Mono","Global","60","GigE","120","10","60","C"
"AE5207CG000E","2048","1200","4","1/1.7""CMOS","Color","Global","48","GigE","120","12","66","C"
"AE5207CG010E","2048","1200","4","1/1.7""CMOS","Color","Global","48","GigE","120","12","66","C"
"AE5207MG000E","2048","1200","4","1/1.7""CMOS","Mono","Global","48","GigE","120","12","66.1","C"
"AE5207MG010E","2048","1200","4","1/1.7""CMOS","Mono","Global","48","GigE","120","12","66","C"
"AE5208CG000E","1600","1200","3.45","1/2.6"" CMOS","Color","Global","62.9","GigE","120","12","61.5","C"
"AE5208MG000E","1600","1200","3.45","1/2.6"" CMOS","Mono","Global","62.9","GigE","120","12","61.5","C"
"AE5508CG000E","2448","2048","3.45","2/3""CMOS","Color","Global","23","GigE","120","12","61.5","C"
"AE5508CG010E","2448","2048","3.45","2/3""CMOS","Color","Global","24","","120","12","61.5",""
"AE5508MG000E","2448","2048","3.45","2/3""CMOS","Mono","Global","23","GigE","120","12","61.5","C"
"AE7040CG001E","720","540","6.9","1/2.9""CMOS","Color","Global","123","GigE","120","10","68","C"
"AE7040MG001E","720","540","6.9","1/2.9""CMOS","Mono","Global","123","GigE","120","10","68","C"
"AE7160CG001E","1440","1080","3.45","1/2.9""CMOS","Color","Global","65","GigE","120","10","71","C"
"AE7160CG010E","1440","1080","3.45","1/2.9""CMOS","Color","Global","77","GigE","120","12","60","C"
"AE7160MG001E","1440","1080","3.45","1/2.9""CMOS","Mono","Global","65","GigE","120","10","71","C"
"AE7160MG010E","1440","1080","3.45","1/2.9""CMOS","Mono","Global","77","GigE","120","12","60","C"
"AE7200CG010E","1920","1200","5.86","1/1.2""CMOS","Color","Global","38","GigE","120","12","60","C"
"AE7230CG010E","1920","1200","3.45","1/2.3""CMOS","Color","Global","52","GigE","120","10","60","C"
"AE7230MG010E","1920","1200","3.45","1/2.3""CMOS","Mono","Global","52","GigE","120","10","60","C"
"AE7300CG010E","2048","1536","3.45","1/1.8""CMOS","Color","Global","38","GigE","120","12","60","C"
"AE7300MG010E","2048","1536","3.45","1/1.8""CMOS","Mono","Global","38","GigE","120","12","60","C"
"AE7500CG000E","2448","2048","3.45","2/3""CMOS","Color","Global","24","GigE","120","12","73","C"
"AE7500CG010E","2448","2048","3.45","2/3""CMOS","Color","Global","24","GigE","120","12","60","C"
"AE7500MG000E","2448","2048","3.45","2/3""CMOS","Mono","Global","24","GigE","120","12","73","C"
"AE7500MG010E","2448","2048","3.45","2/3""CMOS","Mono","Global","24","GigE","120","12","60","C"
"AE7501CG010E","2592","2048","3.2","2/3""CMOS","Color","Global","22","GigE","120","12","60","C"
"AE7501MG010E","2592","2048","3.2","2/3""CMOS","Mono","Global","22","GigE","120","12","60","C"
"AH3600CG000E","3072","2048","2.4","1/1.8""CMOS","Color","Rolling/GlobalResetRealease","19.2","GigE","120","12","71.6","C"
"AH3600CU000E","3072","2048","2.4","1/1.8""CMOS","Color","Rolling/GlobalResetRealease","60","USB3","380","12","71.7","C"
"AH3600MG000E","3072","2048","2.4","1/1.8""CMOS","Mono","Rolling/GlobalResetRealease","19.2","GigE","120","12","71","C"
"AH3600MU000E","3072","2048","2.4","1/1.8""CMOS","Mono","Rolling/GlobalResetRealease","60","USB3","380","12","71.7","C"
"AH3800CG010E","3840","2160","2","1/1.8""CMOS","Color","Rolling","14.5","GigE","120","12","66.5","C"
"AH3A20CG000E","4024","3036","1.85","1/1.7""CMOS","Color","Rolling","9.7","GigE","120","12","69.2","C"
"AH3A20CU000E","4024","3036","1.85","1/1.7""CMOS","Color","Rolling/GlobalResetRealease","31.7","USB3","380","12","66","C"
"AH3A20MG000E","4024","3036","1.85","1/1.7""CMOS","Mono","Rolling","9.7","GigE","120","12","69.3","C"
"AH3A20MU000E","4024","3036","1.85","1/1.7""CMOS","Mono","Rolling/GlobalResetRealease","31.7","USB3","380","12","66","C"
"AH3B00CG000E","5472","3648","2.4","1""CMOS","Color","Rolling/GlobalResetRealease","5.9","GigE","120","12","71.5","C"
"AH3B00CU000E","5472","3648","2.4","1""CMOS","Color","Rolling/GlobalResetRealease","19.1","USB3","380","12","61.5","C"
"AH3B00MG000E","5472","3648","2.4","1""CMOS","Mono","Rolling/GlobalResetRealease","5.9","GigE","120","12","68.3","C"
"AH3B00MU000E","5472","3648","2.4","1""CMOS","Mono","Rolling/GlobalResetRealease","19.1","USB3","380","12","61.5","C"
"AH3B01CG000E","5120","3840","1.4","1/1.8""CMOS","Color","Rolling/GlobalResetRealease","5.9","GigE","120","12","61.5","C"
"AH3B01CU000E","5120","3840","1.4","1/1.8""CMOS","Color","Rolling/GlobalResetRealease","19.6","USB3","380","12","61","C"
"AH3B01MG000E","5120","3840","1.4","1/1.8""CMOS","Mono","Rolling/GlobalResetRealease","5.9","GigE","120","12","61.5","C"
"AH3B01MU000E","5120","3840","1.4","1/1.8""CMOS","Mono","Rolling/GlobalResetRealease","19.6","USB3","380","12","61","C"
"AH5200CG000E","1624","1240","4.5","1/1.7""CMOS","Color","Global","60","GigE","120","12","71.5","C"
"AH5200CU000E","1624","1240","4.5","1/1.7""CMOS","Color","Global","89","USB3","380","12","73","C"
"AH5200MG000E","1624","1240","4.5","1/1.7""CMOS","Mono","Global","60","GigE","120","12","71.5","C"
"AH5200MU000E","1624","1240","4.5","1/1.7""CMOS","Mono","Global","89","USB3","380","12","73","C"
"AH5207CG000E","2048","1200","4","1/1.7""CMOS","Color","Global","49","GigE","120","12","66","C"
"AH5207CU000E","2048","1200","4","1/1.7""CMOS","Color","Global","150","USB3","380","12","67","C"
"AH5207MG000E","2048","1200","4","1/1.7""CMOS","Mono","Global","49","GigE","120","12","66","C"
"AH5207MU000E","2048","1200","4","1/1.7""CMOS","Mono","Global","150","USB3","380","12","67","C"
"AH5308CG000E","2048","1536","3.45","2/3""CMOS","Color","Global","38","GigE","120","12","61.5","C"
"AH5308MG000E","2048","1536","3.45","2/3""CMOS","Mono","Global","38","GigE","120","12","61.5","C"
"AH5507CP000E","2448","2048","3.4","CMOS","Color","Global","164","CoaXPress","2400","10","67.9","C"
"AH5507MP000E","2448","2048","3.4","CMOS","Mono","Global","164","CoaXPress","2400","10","66.9","C"
"AH5508CG000E","2448","2048","3.45","2/3""CMOS","Color","Global","24","GigE","120","12","61.5","C"
"AH5508CU000E","2448","2048","3.45","2/3""CMOS","Color","Global","75","USB3","380","12","61.5","C"
"AH5508MG000E","2448","2048","3.45","2/3""CMOS","Mono","Global","24","GigE","120","12","61.5","C"
"AH5508MU000E","2448","2048","3.45","2/3""CMOS","Mono","Global","75","USB3","380","12","61.5","C"
"AH5A09CG200E","4096","2460","3.45","1""CMOS","Color","Global","11.9","GigE","120","12","60","C"
"AH5A09CU200E","4096","2460","3.45","1""CMOS","Color","Global","38.4","USB3","380","12","57","C"
"AH5A09MG200E","4096","2460","3.45","1""CMOS","Mono","Global","11.9","GigE","120","12","60","C"
"AH5A09MU200E","4096","2460","3.45","1""CMOS","Mono","Global","38.4","USB3","380","12","57","C"
"AH5A27CG000E","4096","3072","3.4","1.1""CMOS","Color","Global","9.6","GigE","120","12","69.2","C"
"AH5A27CP000E","4096","3072","3.4","CMOS","Color","Global","94","CoaXPress","2400","10","67.9","C"
"AH5A27MG000E","4096","3072","3.4","1.1""CMOS","Mono","Global","9.6","GigE","120","12","69","C"
"AH5A27MP000E","4096","3072","3.4","CMOS","Mono","Global","94","CoaXPress","2400","10","67.9","C"
"AH5A27MU000E","4096","3072","3.4","1.1""CMOS","Mono","Global","30.7","USB3","380","12","69","C"
"AH5B57CG200E","5120","5120","2.5","1.1""CMOS","Color","Global","4.5","GigE","120","12","63","C"
"AH5B57CU200E","5120","5120","2.5","1.1""CMOS","color","Global","14.7","USB3","380","12","64","C"
"AH5B57MG200E","5120","5120","2.5","1.1""CMOS","Mono","Global","4.5","GigE","120","12","63","C"
"AH5B57MP000E","5120","5120","2.5","1.1"" CMOS","Mono","Global","41.85","CoaXPress","2400","12","64.3","C"
"AH5B57MU200E","5120","5120","2.5","1.1""CMOS","Mono","Global","14.7","USB3","380","12","64","C"
"AH5B57MV200E","5120","5120","2.5","1.1""CMOS","Mono","Global","30","USB3","380","12","64","C"
"AH7040CG000E","720","540","6.9","1/2.9""CMOS","Color","Global","310","GigE","120","12","68.3","C"
"AH7040CG001E","720","520","6.9","1/2.9""CMOS","Color","Global","125.2","GigE","120","10","62.5","C"
"AH7040CU000E","720","540","6.9","1/2.9""CMOS","Color","Global","525","USB3","380","12","73","C"
"AH7040MG000E","720","540","6.9","1/2.9""CMOS","Mono","Global","310","GigE","120","12","68.2","C"
"AH7040MG001E","720","520","6.9","1/2.9""CMOS","Mono","Global","125.2","GigE","120","10","62.5","C"
"AH7040MK100E","720","540","6.9","1/2.9""CMOS","Mono","Global","117","CameraLink","680","10","70","C"
"AH7040MU000E","720","540","6.9","1/2.9""CMOS","Mono","Global","525","USB3","380","12","73","C"
"AH7160CG000E","1440","1080","3.45","1/2.9""CMOS","Color","Global","77","GigE","120","12","70.8","C"
"AH7160CG001E","1440","1080","3.45","1/2.9""CMOS","Color","Global","65.2","GigE","120","10","65.5","C"
"AH7160CU000E","1440","1080","3.45","1/2.9""CMOS","Color","Global","249","USB3","380","12","73","C"
"AH7160MG000E","1440","1080","3.45","1/2.9""CMOS","Mono","Global","77","GigE","120","12","71","C"
"AH7160MG001E","1440","1080","3.45","1/2.9""CMOS","Mono","Global","65.2","GigE","120","10","65.5","C"
"AH7160MU000E","1440","1080","3.45","1/2.9""CMOS","Mono","Global","249","USB3","380","12","73","C"
"AH7200CG000E","1920","1200","5.86","1/1.2""CMOS","Color","Global","40","GigE","120","12","60","C"
"AH7200MG000E","1920","1200","5.86","1/1.2""CMOS","Mono","Global","40","GigE","120","12","60","C"
"AH7500CG000E","2448","2048","3.45","2/3""CMOS","Color","Global","24","GigE","120","12","71.1","C"
"AH7500CU000E","2448","2048","3.45","2/3""CMOS","Color","Global","68.2","USB3","380","12","73","C"
"AH7500CU075E","2448","2048","3.45","2/3""CMOS","Color","Global","75.2","USB3","380","12","70","C"
"AH7500MG000E","2448","2048","3.45","2/3""CMOS","Mono","Global","24","GigE","120","12","71.1","C"
"AH7500MU000E","2448","2048","3.45","2/3""CMOS","Mono","Global","68.2","USB3","380","12","73","C"
"AH7500MU075E","2448","2048","3.45","2/3""CMOS","Mono","Global","75.2","USB3","380","12","70","C"
"AH7900CG000E","4096","2160","3.45","1""CMOS","Color","Global","13.7","GigE","120","12","70.8","C"
"AH7900CU000E","4096","2160","3.45","1""CMOS","Color","Global","41.6","USB3","380","12","70.6","C"
"AH7900MG000E","4096","2160","3.45","1""CMOS","Mono","Global","13.7","GigE","120","12","71","C"
"AH7900MU000E","4096","2160","3.45","1""CMOS","Mono","Global","41.6","USB3","380","12","70.6","C"
"AH7A20CG000E","4096","3000","3.45","1.1""CMOS","Color","Global","9.9","GigE","120","12","70.8","C"
"AH7A20CU000E","4096","3000","3.45","1.1""CMOS","Color","Global","30.2","USB3","380","12","70.6","C"
"AH7A20MG000E","4096","3000","3.45","1.1""CMOS","Mono","Global","9.9","GigE","120","12","70.9","C"
"AH7A20MU000E","4096","3000","3.45","1.1""CMOS","Mono","Global","30.2","USB3","380","12","70.6","C"
"AH7A2AMG000E","4096","3000","2.74","1.1""CMOS","Mono","Global","9","GigE","120","12","71","C"
"AH7A6AMG000E","5320","3032","2.74","1.1""CMOS","Mono","Global","7.2","GigE","120","12","60","C"
"AH7B0ACG000E","4504","4504","2.74","1.1""CMOS","Color","Global","5.9","GigE","120","12","71","C"
"AH7B0AMG000E","4504","4504","2.74","1.1""CMOS","Mono","Global","5.9","GigE","120","12","71","C"
"AH7B4ACG000E","5328","4608","2.74","1.2""CMOS","Color","Global","4.9","GigE","120","12","71","C"
"AH7B4AMG000E","5328","4608","2.74","1.2""CMOS","Mono","Global","4.9","GigE","120","12","71","C"
"AHS130MG000E","1280","1024","5","1/2""CMOS","Mono","Global","92","GigE","120","12","56","C"
"AX0057MX1E-000","2448","2048","3.4","2/3""CMOS","Mono","Global","118","CoaXPress","1200","10","0","C"
"AX0127MP1E-000","4096","3072","3.4","1.1""CMOS","Mono","Global","94","CoaXPress","2400","10","59.7","C"
"AX0127MX2E-000","4096","3072","3.4","1.1""CMOS","Mono","Global","94","CoaXPress","1200","10","59.7","C"
"AX0257MP2E-100","5120","5120","2.5","1.1""CMOS","Mono","Global","89","CoaXPress","2400","10","63","C"
"AX0257MP4E-100","5120","5120","2.5","1.1""CMOS","Mono","Global","150","CoaXPress","2400","10","63","C"
"AX0257MP4E-150","5120","5120","2.5","1.1""CMOS","Mono","Global","150","CoaXPress","2400","10","63","M58"
"AX0657MP4E-150","9344","7000","3.2","29.9 mm × 22.4 mm CMOS","Mono","Global","71","CoaXPress","2400","10","66","M58"
"AX1037MP4E-450","11264","9200","3.2","36.1 mm × 29.4 mm CMOS","Mono","Global","24.8","CoaXPress","2400","12","66.4","M58"
"AX2450CP4E-670-F","19200","12800","2.81","64.84 mm CMOS","Color","Rolling","12.4","CoaXPress","2400","12","71.7","M72 × 0.75"
"AX2450MP4E-670-F","19200","12800","2.81","64.84 mm CMOS","Mono","Rolling","12.4","CoaXPress","2400","12","71.7","M72 × 0.75"
"AX5A22CP050E","4096","3072","5.5","22.5 mm x 16.9 mm CMOS","Color","Global","330","CoaXPress","2400","12","60","M58"
"AX5A22CX050E","4096","3072","5.5","22.5 mm × 16.9 mm CMOS","Color","Global","188","CoaXPress","1200","10","60","M58"
"AX5A22CX060E","4096","3072","5.5","22.5 mm × 16.9 mm CMOS","Color","Global","188","CoaXPress","1200","10","60","F"
"AX5A22CX340E","4096","3072","5.5","22.5 mm × 16.9 mm CMOS","Color","Global","188","CoaXPress","1200","10","60","M42"
"AX5A22MP050E","4096","3072","5.5","22.5 mm x 16.9 mm CMOS","Mono","Global","330","CoaXPress","2400","12","60","M58"
"AX5A22MX050E","4096","3072","5.5","22.5 mm × 16.9 mm CMOS","Mono","Global","188","CoaXPress","1200","10","60","M58"
"AX5A22MX060E","4096","3072","5.5","22.5 mm × 16.9 mm CMOS","Mono","Global","188","CoaXPress","1200","10","60","F"
"AX5A22MX340E","4096","3072","5.5","22.5 mm × 16.9 mm CMOS","Mono","Global","188","CoaXPress","1200","10","60","M42"
"AX5B17MP050E","5120","4096","4.5","23.0 mm × 18.4 mm CMOS","Mono","Global","219","CoaXPress","2400","12","69","M58"
"AX5B57CT200E","5120","5120","2.5","1.1"" CMOS","Color","Global","41","10GigE","1000","12","63","C"
"AX5B57CT250E","5120","5120","2.5","1.1"" CMOS","Color","Global","41","10GigE","1000","12","63","M58"
"AX5B57MT200E","5120","5120","2.5","1.1"" CMOS","Mono","Global","41","10GigE","1000","12","63","C"
"AX5B57MT250E","5120","5120","2.5","1.1"" CMOS","Mono","Global","41","10GigE","1000","12","63","M58"
"AX5E07CG250E","9344","5000","3.2","29.0 mm x 16.0 mm CMOS","Color","Global","2.6","GigE","120","12","66","M58"
"AX5E07CK250E","9280","4992","3.2","29.9 mm × 16.0 mm CMOS","Color","Global","17.5","CameraLink","680","12","66","M58"
"AX5E07CT250E","7008","7000","3.2","22.4 mm × 22.4 mm","Color","Global","17.4","10GigE","1000","12","66","M58"
"AX5E07CX250E","9344","5000","3.2","29.9 mm × 16.0 mm CMOS","Color","Global","44","CoaXPress","1200","12","66","M58"
"AX5E07MG250E","9344","5000","3.2","29.0 mm × 16.0 mm CMOS","Mono","Global","2.6","GigE","120","12","66","M58"
"AX5E07MK250E","9280","4992","3.2","29.9 mm × 16.0 mm CMOS","Mono","Global","17.5","CameraLink","680","12","66","M58"
"AX5E07MT250E","7008","7000","3.2","22.4 mm × 22.4 mm","Mono","Global","17.4","10GigE","1000","12","66","M58"
"AX5E07MX250E","9344","5000","3.2","29.9 mm x 16.0 mm CMOS","Mono","Global","44","CoaXPress","1200","12","66","M58"
"AX5F57CG250E","9344","7000","3.2","29.9 mm x 22.4 mm CMOS","Color","Global","1.7","GigE","120","12","66","M58"
"AX5F57CK250E","9280","6992","3.2","29.9 mm × 22.4 mm CMOS","Color","Global","12.5","CameraLink","680","12","66","M58"
"AX5F57CP050E","9344","7000","3.2","29.9 mm × 22.4 mm CMOS","Color","Global","71","CoaXPress","2400","10","66","M58"
"AX5F57CT250E","9344","7000","3.2","29.9mm × 22.4mm CMOS","Color","Global","17.4","10GigE","1000","12","66","M58"
"AX5F57CX250E","9344","7000","3.2","29.9 mm × 22.4 mm CMOS","Color","Global","31","CoaXPress","1200","12","66","M58"
"AX5F57MG250E","9344","7000","3.2","29.9 mm × 22.4 mm CMOS","Mono","Global","1.7","GigE","120","12","66","M58"
"AX5F57MK250E","9280","6992","3.2","29.9 mm × 22.4 mm CMOS","Mono","Global","12.5","CameraLink","680","12","66","M58"
"AX5F57MP050E","9344","7000","3.2","29.9 mm × 22.4 mm CMOS","Mono","Global","71","CoaXPress","2400","10","66","M58"
"AX5F57MT250E","9344","7000","3.2","29.9mm × 22.4mm CMOS","Mono","Global","17.4","10GigE","1000","12","66","M58"
"AX5F57MX250E","9344","7000","3.2","29.9 mm × 22.4 mm CMOS","Mono","Global","31","CoaXPress","1200","12","66","M58"
"AX5K37MT250E","11264","9200","3.2","36.1 mm × 29.4 mm CMOS","Mono","Global","11.25","10GigE","1000","12","66.4","M58"
"AX7A20CT250E","4096","3000","3.45","1.1"" CMOS","Color","Global","68","10GigE","1000","10","71.6","M58"
"AX7A20MT250E","4096","3000","3.45","1.1"" CMOS","Mono","Global","68","10GigE","1000","10","71.6","M58"
"AX7C10CG250E","6464","4852","3.45","22.3 mm x 16.7 mm CMOS","Color","Global","3.6","GigE","120","12","73","M58"
"AX7C10CK250E","6240","4848","3.45","22.3 mm x 16.7 mm CMOS","Color","Global","24.8","CameraLink","680","10","73","M58"
"AX7C10MG250E","6464","4852","3.45","22.3 mm × 16.7 mm CMOS","Mono","Global","3.6","GigE","120","12","73","M58"
"AX7C10MK250E","6240","4848","3.45","22.3 mm x 16.7 mm CMOS","Mono","Global","24.8","CameraLink","680","10","73","M58"
"AX7Q00MK470E","14160","10640","3.76","53.4 mm x 40.0 mm CMOS","Mono","Rolling","5.1","CameraLink","680","12","90","M72 x 0.75"
"AX7Q10CX470E","14192","10640","3.76","53.4 mm x 40.0 mm CMOS","Color","Rolling","6.1","CoaXPress","1200","12","90","M72 x 0.75"
"AX7Q10CX770E","14192","10640","3.76","IMX411","Color","Rolling","6.2","CoaXPress","1200","12","78","M72 × 0.75"
"AX7Q10MX470E","14192","10640","3.76","53.4 mm x 40.0 mm CMOS","Mono","Rolling","6.1","CoaXPress","1200","12","90","M72 x 0.75"
"AX7Q10MX670E","28384","21280","3.76","53.4 mm x 40.0 mm CMOS","Mono","Rolling","1.55","CoaXPress","1200","12","78","M72 × 0.75"
"AX7Q10MX770E","14192","10640","3.76","53.4 mm x 40.0 mm CMOS","Mono","Rolling","6.2","CoaXPress","1200","12","78","M72 x 0.75"
"AX7Q27CP470E","16544","9200","3.2","53.0 mm × 29.4 mm CMOS","Color","Global","16","CoaXPress","2400","12","67.3","M72 × 0.75"
"AX7Q27CT470E","16544","9200","3.2","53.0 mm × 29.4 mm CMOS","Color","Global","7.76","10GigE","1000","12","67.3","M72 × 0.75"
"AX7Q27MP470E","16544","9200","3.2","53.0 mm × 29.4 mm CMOS","Mono","Global","16","CoaXPress","2400","12","67.3","M72 × 0.75"
"AX7Q27MT470E","16544","9200","3.2","53.0 mm × 29.4 mm CMOS","Mono","Global","7.76","10GigE","1000","12","67.3","M72 × 0.75"
"COE-023-M-USB-060-IR-C","1920","1200","5.9","1/1.2","Mono","Global","41.0","USB3","380","12","70.0","C"
"COE-050-M-USB-070-IR-C","2448","2048","3.45","2/3","Mono","Global","60.0","USB3","380","12","71.0","C"
"COE-089-M-USB-070-IR-C","4096","2160","3.45","1","Mono","Global","32.2","USB3","380","12","72.8","C"
"COE-123-M-USB-090-IR-C","4096","3000","3.45","1.1","Mono","Global","30.3","USB3","380","12","72.2","C"
"COE-200-M-USB-080-IR-C","5472","3648","2.4","1","Mono","Rolling","19.2","USB3","380","12","65.5","C"
"CST-CG004-300GC","720","540","6.9","1/2.9""","Color","Global","300","GigE","120","12","0","C"
"CST-CG004-300GM","720","540","6.9","1/2.9""","Mono","Global","300","GigE","120","12","0","C"
"CST-CG013-80GC","1280","1024","4.8","1/2""","Color","Global","80","GigE","120","12","0","C"
"CST-CG013-80GM","1280","1024","4.8","1/2""","Mono","Global","80","GigE","120","12","0","C"
"CST-CG013-87GC","1280","1024","4","1/2.7""","Color","Global","87","GigE","120","12","0","C"
"CST-CG013-87GM","1280","1024","4","1/2.7""","Mono","Global","87","GigE","120","12","0","C"
"CST-CG016-77GC","1440","1080","3.45","1/2.9""","Color","Global","77","GigE","120","12","0","C"
"CST-CG016-77GM","1440","1080","3.45","1/2.9""","Mono","Global","77","GigE","120","12","0","C"
"CST-CG020-60GC","1624","1240","4.5","1/1.7""","Color","Global","60","GigE","120","12","0","C"
"CST-CG020-60GM","1624","1240","4.5","1/1.7""","Mono","Global","60","GigE","120","12","0","C"
"CST-CG023-39GC","1920","1200","5.86","1/1.2""","Color","Global","39","GigE","120","12","0","C"
"CST-CG023-39GM","1920","1200","5.86","1/1.2""","Mono","Global","39","GigE","120","12","0","C"
"CST-CG030-36GC","2048","1536","3.45","1/1.8""","Color","Global","36","GigE","120","12","0","C"
"CST-CG030-36GM","2048","1536","3.45","1/1.8""","Mono","Global","36","GigE","120","12","0","C"
"CST-CG050-20GC","2448","2048","3.45","2/3""","Color","Global","20","GigE","120","12","0","C"
"CST-CG050-20GM","2448","2048","3.45","2/3""","Mono","Global","20","GigE","120","12","0","C"
"CST-CG050-75UC","2448","2048","3.45","2/3""","Color","Global","75","USB3","380","12","0","C"
"CST-CG050-75UM","2448","2048","3.45","2/3""","Mono","Global","75","USB3","380","12","0","C"
"CST-CG053-21GC","2592","2048","3.2","2/3""","Color","Global","21","GigE","120","12","0","C"
"CST-CG053-21GM","2592","2048","3.2","2/3""","Mono","Global","21","GigE","120","12","0","C"
"CST-CG123-20CC","4096","3000","3.45","1.1""","Color","Global","20","CameraLink","680","12","0","C"
"CST-CG123-20CM","4096","3000","3.45","1.1""","Mono","Global","20","CameraLink","680","12","0","C"
"CST-CG123-30UC","4096","3000","3.45","1.1""","Color","Global","23","USB3","380","12","0","C"
"CST-CG123-30UM","4096","3000","3.45","1.1""","Mono","Global","23","USB3","380","12","0","C"
"CST-CG123-9GC","4096","3000","3.45","1.1""","Color","Global","9","GigE","120","12","0","C"
"CST-CG123-9GM","4096","3000","3.45","1.1""","Mono","Global","9","GigE","120","12","0","C"
"CST-CG250-14UC","5120","5120","2.5","1.1""","Color","Global","14","USB3","380","12","0","C"
"CST-CG250-14UM","5120","5120","2.5","1.1""","Mono","Global","14","USB3","380","12","0","C"
"CST-CG250-30CM","5120","5120","2.5","1.1""","Mono","Global","30","CameraLink","680","12","0","C"
"CST-CG250-4GC","5120","5120","2.5","1.1""","Color","Global","4","GigE","120","12","0","C"
"CST-CG250-4GM","5120","5120","2.5","1.1""","Mono","Global","4","GigE","120","12","0","C"
"CST-CG300-3GC","6464","4852","3.45","22.3x16.7mm","Color","Global","3.6","GigE","120","12","0","C"
"CST-CG300-3GM","6464","4852","3.45","22.3x16.7mm","Mono","Global","3.6","GigE","120","12","0","C"
"CST-CG654-1GC","9344","7000","3.2","29.9x22.4mm","Color","Global","1.7","GigE","120","12","0","C"
"CST-CG654-1GM","9344","7000","3.2","29.9x22.4mm","Mono","Global","1.7","GigE","120","12","0","C"
"CST-CR050-23GC","2592","1944","2.2","1/2.5""","Color","Rolling","23","GigE","120","12","0","C"
"CST-CR050-23GM","2592","1944","2.2","1/2.5""","Mono","Rolling","23","GigE","120","12","0","C"
"CST-CR060-18GC","3072","2048","2.4","1/1.8""","Color","Rolling","18","GigE","120","12","0","C"
"CST-CR060-18GM","3072","2048","2.4","1/1.8""","Mono","Rolling","18","GigE","120","12","0","C"
"CST-CR100-10GM","3856","2764","1.67","1/2.3""","Mono","Rolling","10","GigE","120","12","0","C"
"CST-CR120-9GC","4000","3000","1.85","1/1.7""","Color","Rolling","9","GigE","120","12","0","C"
"CST-CR120-9GM","4000","3000","1.85","1/1.7""","Mono","Rolling","9","GigE","120","12","0","C"
"CST-CR200-6GC","5472","3648","2.4","1""","Color","Rolling","5.8","GigE","120","12","0","C"
"CST-CR200-6GM","5472","3648","2.4","1""","Mono","Rolling","5.8","GigE","120","12","0","C"
"ITA120-GM-10C","4112","3008","3.45","1.1","Mono","Global","9.5","GigE","120","12","69.8","C"
"ITA162-GM-20C","5328","3040","2.74","1.1","Mono","Global","7.3","GigE","120","12","70.3","C"
"ITA246-GM-20C","5328","4608","2.74","1.2","Mono","Global","4.8","GigE","120","12","70.4","C"
"ITA50-GM-10C","2464","2056","3.45","2/3","Mono","Global","23.2","GigE","120","12","71.2","C"
"ITA81-GM-20C","2856","2848","2.74","2/3","Mono","Global","14.4","GigE","120","12","69.7","C"
"MVAC-PY-FX453-43XP","4024","3036","1.85","1/1.7""","Color","Rolling","29.2","USB3","380","12","69.4","C"
"MV-CA003-20GC","672","512","4.8","1/4""","","Global","336","GigE","120","12","59","C"
"MV-CA003-21UC","640","480","4.8","1/4""","","Global","814.5","USB3","380","12","59","C"
"MV-CA004-10GC","720","540","6.9","1/2.9""","","Global","312.9","GigE","120","12","74","C"
"MV-CA004-10GM","720","540","6.9","1/2.9""","","Global","312.9","GigE","120","12","74","C"
"MV-CA004-10UC","720","540","6.9","1/2.9""","","Global","526.5","USB3","380","12","74","C"
"MV-CA004-10UM","720","540","6.9","1/2.9""","","Global","526.5","USB3","380","12","74","C"
"MV-CA013-20GC","1280","1024","4.8","1/2""","","Global","90","GigE","120","12","59.6","C"
"MV-CA013-20GM","1280","1024","4.8","1/2""","","Global","90","GigE","120","12","59.6","C"
"MV-CA013-21UM","1280","1024","4.8","1/2""","","Global","210","USB3","380","12","59.6","C"
"MV-CA013-A0GC","1280","1024","4.8","1/2""","","Global","92.8","GigE","120","12","54","C"
"MV-CA013-A0GM","1280","1024","4.8","1/2""","","Global","92.8","GigE","120","12","54","C"
"MV-CA013-A0UC","1280","1024","4.8","1/2""","","Global","201","USB3","380","12","53","C"
"MV-CA013-A0UM","1280","1024","4.8","1/2""","","Global","201","USB3","380","12","53","C"
"MV-CA016-10GC","1440","1080","3.45","1/2.9""","","Global","78.2","GigE","120","12","71.4","C"
"MV-CA016-10GM","1440","1080","3.45","1/2.9""","","Global","78.2","GigE","120","12","71.4","C"
"MV-CA016-10UC","1440","1080","3.45","1/2.9""","","Global","249.1","USB3","380","12","71","C"
"MV-CA016-10UM","1440","1080","3.45","1/2.9""","","Global","249.1","USB3","380","12","71","C"
"MV-CA017-10GC","1608","1104","9","1.1""","","Global","68.5","GigE","120","12","72.44","C"
"MV-CA017-10GM","1608","1104","9","1.1""","","Global","68.5","GigE","120","12","72.44","C"
"MV-CA020-10GC","1624","1240","4.5","1/1.7""","","Global","60","GigE","120","12","72.08","C"
"MV-CA020-10GM","1624","1240","4.5","1/1.7""","","Global","60","GigE","120","12","72.08","C"
"MV-CA020-10UC","1624","1240","4.5","1/1.7""","","Global","89.1","USB3","380","12","75.4","C"
"MV-CA020-10UM","1624","1240","4.5","1/1.7""","","Global","89.1","USB3","380","12","75.4","C"
"MV-CA023-10GC","1920","1200","5.86","1/1.2""","","Global","41","GigE","120","12","70","C"
"MV-CA023-10GM","1920","1200","5.86","1/1.2""","","Global","41","GigE","120","12","70","C"
"MV-CA023-10UC","1920","1200","5.86","1/1.2""","","Global","40","USB3","380","12","70","C"
"MV-CA023-10UM","1920","1200","5.86","1/1.2""","","Global","41","USB3","380","12","70","C"
"MV-CA032-10GC","2048","1536","3.45","1/1.8""","","Global","37.5","GigE","120","12","73","C"
"MV-CA032-10GM","2048","1536","3.45","1/1.8""","","Global","37.5","GigE","120","12","73","C"
"MV-CA050-10GM","2448","2048","3.45","2/3""","","Global","24.1","GigE","120","12","72","C"
"MV-CA050-12GC","2448","2048","3.45","2/3""","","Global","24.1","GigE","120","12","72","C"
"MV-CA050-12UC","2448","2048","3.45","2/3""","","Global","60","USB3","380","12","72","C"
"MV-CA050-12UM","2448","2048","3.45","2/3""","","Global","47","USB3","380","12","72","C"
"MV-CA050-20GM","2592","2048","4.8","1""","","Global","22","GigE","120","12","57.5","C"
"MV-CA050-20UM","2592","2048","4.8","1""","","Global","71.8","USB3","380","12","57.5","C"
"MV-CA060-11GM","3072","2048","2.4","1/1.8""","","Rolling","17","GigE","120","12","71.3","C"
"MV-CB004-10GC-S","720","540","6.9","1/2.9""","Color","Global","125.2","GigE","120","12","74","M12"
"MV-CB004-10GM-S","720","540","6.9","1/2.9""","Mono","Global","125.2","GigE","120","12","74","M12"
"MV-CB013-A0UC-C","1280","1024","4.8","1/2""","Color","Global","201","USB3","380","12","53","C"
"MV-CB013-A0UC-S","1280","1024","4.8","1/2""","Color","Global","201","USB3","380","12","53","M12"
"MV-CB013-A0UM-B","1280","1024","4.8","1/2""","Mono","Global","201","USB3","380","12","53","None"
"MV-CB013-A0UM-C","1280","1024","4.8","1/2""","Mono","Global","201","USB3","380","12","53","C"
"MV-CB013-A0UM-S","1280","1024","4.8","1/2""","Mono","Global","201","USB3","380","12","53","M12"
"MV-CB016-10GC-C","1440","1080","3.45","1/2.9""","Color","Global","65.2","GigE","120","12","74","C"
"MV-CB016-10GM-S","1440","1080","3.45","1/2.9""","Mono","Global","65.2","GigE","120","12","74","M12"
"MV-CB016-10UC-B","1440","1080","3.45","1/2.9""","","Global","165.4","USB3","380","12","71.5","None"
"MV-CB016-10UC-C","1440","1080","3.45","1/2.9""","","Global","165.4","USB3","380","12","71.5","C"
"MV-CB016-10UC-S","1440","1080","3.45","1/2.9""","","Global","165.4","USB3","380","12","71.5","M12"
"MV-CB016-10UM-B","1440","1080","3.45","1/2.9""","","Global","165.4","USB3","380","12","71.5","None"
"MV-CB016-10UM-C","1440","1080","3.45","1/2.9""","","Global","165.4","USB3","380","12","71.5","C"
"MV-CB016-10UM-S","1440","1080","3.45","1/2.9""","","Global","165.4","USB3","380","12","71.5","M12"
"MV-CB020-60UC-B","1624","1240","3.45","1/2.53""","Color","Global","179.9","USB3","380","12","68.6","None"
"MV-CB020-60UC-C","1624","1240","3.45","1/2.53""","Color","Global","179.9","USB3","380","12","68.6","C"
"MV-CB020-60UC-S","1624","1240","3.45","1/2.53""","Color","Global","179.9","USB3","380","12","68.6","M12"
"MV-CB020-60UM-B","1624","1240","3.45","1/2.53""","Mono","Global","179.9","USB3","380","12","68.6","None"
"MV-CB020-60UM-C","1624","1240","3.45","1/2.53""","Mono","Global","179.9","USB3","380","12","68.6","C"
"MV-CB020-60UM-S","1624","1240","3.45","1/2.53""","Mono","Global","179.9","USB3","380","12","68.6","M12"
"MV-CB020-61UM-B-F","1624","1240","4.5","1/1.7""","Mono","Global","99","USB3","380","12","73.9","none"
"MV-CB020-61UM-C-F","1624","1240","4.5","1/1.7""","Mono","Global","99","USB3","380","12","73.9","C"
"MV-CB020-61UM-S-F","1624","1240","4.5","1/1.7""","Mono","Global","99","USB3","380","12","73.9","M12"
"MV-CB050-11UC-C","2448","2048","3.45","2/3""","","Global","60","USB3","380","12","72","C"
"MV-CB050-60UC-C-F","2448","2048","3.45","2/3""","Color","Global","80","USB3","380","12","73.9","C"
"MV-CB050-60UM-C-F","2448","2048","3.45","2/3""","Mono","Global","80","USB3","380","12","73.9","C"
"MV-CB060-10GC-S","3072","2048","2.4","1/1.8""","Color","Rolling","19.1","GigE","120","12","71.3","M12"
"MV-CB060-10GM-S","3072","2048","2.4","1/1.8""","Mono","Rolling","19.1","GigE","120","12","71.3","M12"
"MV-CB060-10UC-B","3072","2048","2.4","1/1.8""","Color","Rolling","60.9","USB3","380","12","66","None"
"MV-CB060-10UC-C","3072","2048","2.4","1/1.8""","Color","Rolling","60.9","USB3","380","12","66","C"
"MV-CB060-10UC-S","3072","2048","2.4","1/1.8""","Color","Rolling","60.9","USB3","380","12","66","M12"
"MV-CB060-10UM-B","3072","2048","2.4","1/1.8""","Mono","Rolling","60.9","USB3","380","12","66","None"
"MV-CB060-10UM-C","3072","2048","2.4","1/1.8""","Mono","Rolling","60.9","USB3","380","12","66","C"
"MV-CB060-10UM-S","3072","2048","2.4","1/1.8""","Mono","Rolling","60.9","USB3","380","12","66","M12"
"MV-CB120-10GM-C","4024","3036","1.85","1/1.7""","Mono","Rolling","9.7","GigE","120","12","70.5","C"
"MV-CB120-10GM-S","4024","3036","1.85","1/1.7""","Mono","Rolling","9.7","GigE","120","12","70.5","C"
"MV-CB120-10UC-B V4","4032","3036","1.85","1/1.7""","Color","Rolling","30","USB3","380","12","64.6","None"
"MV-CB120-10UC-C V4","4032","3036","1.85","1/1.7""","Color","Rolling","30","USB3","380","12","64.6","C"
"MV-CB120-10UC-S V4","4032","3036","1.85","1/1.7""","Color","Rolling","30","USB3","380","12","64.6","M12"
"MV-CB120-10UM-B V4","4032","3036","1.85","1/1.7""","Mono","Rolling","30","USB3","380","12","64.6","None"
"MV-CB120-10UM-C V4","4032","3036","1.85","1/1.7""","Mono","Rolling","30","USB3","380","12","64.6","C"
"MV-CB120-10UM-S V4","4032","3036","1.85","1/1.7""","Mono","Rolling","30","USB3","380","12","64.6","M12"
"MV-CE013-80GC","1280","1024","4","1/2.7""","","Global","89.9","GigE","120","12","60","C"
"MV-CE013-80GM","1280","1024","4","1/2.7""","","Global","89.9","GigE","120","12","60","C"
"MV-CE013-80UM","1280","1024","4","1/2.7""","","Global","148","USB3","380","12","60","C"
"MV-CE020-10GC","1920","1080","2.9","1/2.8""","","Rolling","58","GigE","120","12","74","C"
"MV-CE050-30UC","2592","1944","2.2","1/2.5""","","Rolling","44.7","USB3","380","12","60","C"
"MV-CE050-31GC","2592","1944","2.2","1/2.5""","","Rolling","24","GigE","120","12","63","C"
"MV-CE060-10UC","3072","2048","2.4","1/1.8""","","Rolling","42.7","USB3","380","12","71.3","C"
"MV-CE060-10UM","3072","2048","2.4","1/1.8""","","Rolling","42.7","USB3","380","12","71.3","C"
"MV-CE100-30GC","3840","2748","1.67","1/2.3""","","Rolling","7","GigE","120","12","65","C"
"MV-CE120-10GC","4024","3036","1.85","1/1.7""","","Rolling","9.6","GigE","120","12","70.5","C"
"MV-CE120-10GM","4024","3036","1.85","1/1.7""","","Rolling","9.6","GigE","120","12","70.5","C"
"MV-CE120-10UC","4000","3036","1.85","1/1.7""","","Rolling","31.9","USB3","380","12","70.5","C"
"MV-CE120-10UM","4000","3036","1.85","1/1.7""","","Rolling","31.9","USB3","380","12","70.5","C"
"MV-CE200-10GM","5472","3648","2.4","1""","","Rolling","5.9","GigE","120","12","65.5","C"
"MV-CE200-10UM","5472","3648","2.4","1""","","Rolling","19.2","USB3","380","12","65.5","C"
"MV-CE200-11UM","5472","3648","2.4","1""","","Rolling","19.2","USB3","380","12","65.5","C"
"MV-CH040-A0CM","2048","2048","5.5","1""","Mono","Global","180","CameraLink","680","12","59.7","C"
"MV-CH050-10CC","2432","2048","3.45","2/3""","Color","Global","140","CameraLink","680","12","75.4","C"
"MV-CH050-10CM","2432","2048","3.45","2/3""","Mono","Global","140","CameraLink","680","12","75.4","C"
"MV-CH050-10UC","2448","2048","3.45","2/3""","Color","Global","74.1","USB3","380","12","71","C"
"MV-CH050-10UM","2448","2048","3.45","2/3""","Mono","Global","74.1","USB3","380","12","71","C"
"MV-CH050-60NC","2448","2048","3.45","2/3""","","Global","60","GigE","120","12","69.6","C"
"MV-CH050-60NM","2448","2048","3.45","2/3""","","Global","60","GigE","120","12","69.6","C"
"MV-CH050-60UC","2448","2048","3.45","2/3""","Color","Global","79","USB3","380","12","73.9","C"
"MV-CH050-60UM","2448","2048","3.45","2/3""","Mono","Global","79","USB3","380","12","73.9","C"
"MV-CH050-90TC-C-NF","2448","2048","3.4","2/3""","Color","Global","163.4","GigE","120","12","66.1","C"
"MV-CH050-90TM-C-NF","2448","2048","3.4","2/3""","Mono","Global","163.4","GigE","120","12","64.6","C"
"MV-CH050-90XC-C-NN","2592","2160","2.5","1/2""","Color","Global","213","CoaXPress","1200","12","63.8","C"
"MV-CH050-90XM-C-NN","2592","2160","2.5","1/2""","Mono","Global","213","CoaXPress","1200","12","63.8","C"
"MV-CH050-90Y1C-NN","2448","2048","3.4","2/3""","Color","Global","164","CoaXPress","1200","12","59.3","C"
"MV-CH050-90Y1M-NN","2448","2048","3.4","2/3""","Mono","Global","164","CoaXPress","1200","12","59.7","C"
"MV-CH089-10GC","4096","2160","3.45","1""","Color","Global","13.7","GigE","120","12","70.8","C"
"MV-CH089-10GM","4096","2160","3.45","1""","Mono","Global","13.7","GigE","120","12","70.8","C"
"MV-CH089-10UC","4096","2160","3.45","1""","","Global","32","USB3","380","12","72.5","C"
"MV-CH089-10UM","4096","2160","3.45","1""","","Global","32","USB3","380","12","72.5","C"
"MV-CH089-60GC V5","4096","2160","3.45","1""","","Global","13.9","GigE","120","12","67.2","C"
"MV-CH089-60GM V5","4096","2160","3.45","1""","","Global","13.9","GigE","120","12","67.2","C"
"MV-CH100-60GC","4096","2460","3.45","1""","Color","Global","11.6","GigE","120","12","58.2","C"
"MV-CH100-60GM","4096","2460","3.45","1""","Mono","Global","11.6","GigE","120","12","58.2","C"
"MV-CH100-60UC","4096","2460","3.45","1""","Color","Global","36","USB3","380","12","58.2","C"
"MV-CH100-60UM","4096","2460","3.45","1""","Mono","Global","36","USB3","380","12","58.2","C"
"MV-CH1010-10CM-M72-NF","11648","8740","3.76","55 mm","Mono","Rolling","8.1","CameraLink","680","12","78","M72*0.75, flange back length 19.55 mm"
"MV-CH1010-10CM-M72-TF","11648","8740","3.76","55 mm","Mono","Rolling","8.1","CameraLink","680","12","78","M72*0.75, flange back length 19.55 mm"
"MV-CH1030-90TC-M58S-NN","11264","9200","3.2","46.6 mm","Color","Global","11","GigE","120","12","64.86","M58"
"MV-CH1030-90TM-M58S-NN","11264","9200","3.2","46.6 mm","Mono","Global","11","GigE","120","12","64.86","M58"
"MV-CH120-10CC","4096","3000","3.45","1.1""","Color","Global","51.4","CameraLink","680","12","71.6","C"
"MV-CH120-10CM","4096","3000","3.45","1.1""","Mono","Global","50.9","CameraLink","680","12","71.6","C"
"MV-CH120-10GC","4096","3000","3.45","1.1""","","Global","9.9","GigE","120","12","70.4","C"
"MV-CH120-10GC(EoL)","4096","3000","3.45","1.1""","","Global","9.4","GigE","120","12","72.2","C"
"MV-CH120-10GM","4096","3000","3.45","1.1""","","Global","9.9","GigE","120","12","70.4","C"
"MV-CH120-10GM(EoL)","4096","3000","3.45","1.1""","","Global","9.4","GigE","120","12","72.2","C"
"MV-CH120-10UC","4096","3000","3.45","1.1â","Color","Global","30.5","USB3","380","12","72.2","C"
"MV-CH120-10UC(EoL)","4096","3000","3.45","1.1""","","Global","23.1","USB3","380","12","72.2","C"
"MV-CH120-10UM","4096","3000","3.45","1.1â","Mono","Global","30.5","USB3","380","12","72.2","C"
"MV-CH120-10UM(EoL)","4096","3000","3.45","1.1""","","Global","23.1","USB3","380","12","72.2","C"
"MV-CH120-10UM(TK)","4096","3000","3.45","1.1â","Mono","Global","23.1","USB3","380","12","72.2","C"
"MV-CH120-11UC","4096","3000","3.45","1.1""","Color","Global","30.3","USB3","380","12","72.2","C"
"MV-CH120-11UM","4096","3000","3.45","1.1""","Mono","Global","30.3","USB3","380","12","72.2","C"
"MV-CH120-15TC-M58S-NF","4096","3000","3.45","1.1""","Color","Global","68.3","GigE","120","12","71.6","M58"
"MV-CH120-15TM-M58S-NF","4096","3000","3.45","1.1""","Mono","Global","68.3","GigE","120","12","71.6","M58"
"MV-CH120-20GC","4096","3072","3.2","1""","Color","Global","9.6","GigE","120","12","66.4","C"
"MV-CH120-20GM","4096","3072","3.2","1""","Mono","Global","9.6","GigE","120","12","66.4","C"
"MV-CH120-20UC","4096","3072","3.2","1â","Color","Global","28","USB3","380","12","68","C"
"MV-CH120-20UM","4096","3072","3.2","1â","Mono","Global","28","USB3","380","12","68","C"
"MV-CH120-40XM-M58S-NN","4096","3072","5.5","22.5 mm Ã 16.9 mm","","Global","188","CoaXPress","1200","12","55.2","M58"
"MV-CH120-60GC","4096","3000","3.45","1.1""","Color","Global","9.5","GigE","120","12","67.2","C"
"MV-CH120-60GC V5","4096","3000","3.45","1.1""","Color","Global","10","GigE","120","12","67.2","C"
"MV-CH120-60GM","4096","3000","3.45","1.1""","Mono","Global","9.5","GigE","120","12","67.2","C"
"MV-CH120-60GM V5","4096","3000","3.45","1.1""","Mono","Global","10","GigE","120","12","67.2","C"
"MV-CH120-60TC-C-NF","4096","3072","3.45","1.1""","Color","Global","80","GigE","120","12","54.4","C"
"MV-CH120-60TM-C-NF","4096","3072","3.45","1.1""","Mono","Global","80","GigE","120","12","54.4","C"
"MV-CH120-60UC","4096","3000","3.45","1.1""","Color","Global","30.7","USB3","380","12","67.5","C"
"MV-CH120-60UC V5","4096","3000","3.45","1.1""","Color","Global","31.3","USB3","380","12","67.2","C"
"MV-CH120-60UM","4096","3000","3.45","1.1""","Mono","Global","30.7","USB3","380","12","67.5","C"
"MV-CH120-60UM V5","4096","3000","3.45","1.1""","Mono","Global","31.3","USB3","380","12","67.2","C"
"MV-CH120-60VC","4096","3000","3.45","1.1""","","Global","60.2","USB3","380","12","75.7","C"
"MV-CH120-60VM","4096","3000","3.45","1.1""","","Global","60.2","USB3","380","12","75.7","C"
"MV-CH120-90TM-C-NF","4096","3072","3.4","1.1""","Mono","Global","94","GigE","120","12","60.1","C"
"MV-CH120-90X2C-C-NN","4096","3072","3.4","1.1""","Color","Global","95","CoaXPress","1200","12","59.6","C"
"MV-CH120-90X2M-C-NN","4096","3072","3.4","1.1""","Mono","Global","95","CoaXPress","1200","12","59.6","C"
"MV-CH120-90Y1C-NH","4096","3072","3.4","1.1""","Color","Global","93.9","CoaXPress","1200","12","59.7","C"
"MV-CH120-90Y1C-NN","4096","3072","3.4","1.1""","Color","Global","93.9","CoaXPress","1200","12","59.7","C"
"MV-CH120-90Y1M-NH","4096","3072","3.4","1.1""","Mono","Global","93.9","CoaXPress","1200","12","59.7","C"
"MV-CH120-90Y1M-NN","4096","3072","3.4","1.1""","Mono","Global","93.9","CoaXPress","1200","12","59.7","C"
"MV-CH120-90Y2C-C-NN","4096","3008","3.4","1.1""","Color","Global","149","CoaXPress","1200","12","59.7","C"
"MV-CH120-90Y2M-C-NN","4096","3008","3.4","1.1""","Mono","Global","149","CoaXPress","1200","12","59.8","C"
"MV-CH123-10UC","4096","3000","2.74","1/1.1""","Color","Global","31.5","USB3","380","12","69.4","C"
"MV-CH123-10UM","4096","3000","2.74","1/1.1""","Mono","Global","31.5","USB3","380","12","69.4","C"
"MV-CH140-60GC","4708","2824","3","1""","Color","Global","9","GigE","120","12","56.9","C"
"MV-CH140-60GM","4708","2824","3","1""","Mono","Global","9","GigE","120","12","56.9","C"
"MV-CH140-60UM","4708","2824","3","1""","Mono","Global","27","USB3","380","12","56.9","C"
"MV-CH140-90XM-M58S-NN","4608","3072","5.5","25.34 mm Ã 16.9 mm","Mono","Global","169","CoaXPress","1200","12","75","M58"
"MV-CH140-90YC-M58S-NF","4608","3072","5.5","25.34 mm Ã 16.9 mm","Color","Global","339","CoaXPress","1200","12","75","M58"
"MV-CH140-90YM-M58S-NF","4608","3072","5.5","25.34 mm Ã 16.9 mm","Mono","Global","339","CoaXPress","1200","12","75","M58"
"MV-CH1510-10FM-M72-TF","14208","10640","3.76","66.7 mm","Mono","Rolling","6.2","GigE","120","12","78.8","M72*0.75, flange back length 19.55 mm"
"MV-CH1510-10XC-M72-NF","14208","10640","3.76","66.7 mm","Color","Rolling","6.2","CoaXPress","1200","12","78.7","M72*0.75, flange back length 19.55 mm"
"MV-CH1510-10XC-M72-TF V2","14192","10640","3.76","66.7 mm","Color","Rolling","6.2","CoaXPress","1200","12","78.8","M72*0.75, flange back length 19.55 mm"
"MV-CH1510-10XM-M72-NF","14208","10640","3.76","66.7 mm","Mono","Rolling","6.2","CoaXPress","1200","12","78.7","M72*0.75, flange back length 19.55 mm"
"MV-CH1510-10XM-M72-TF V2","14192","10640","3.76","66.7 mm","Mono","Rolling","6.2","CoaXPress","1200","12","78.8","M72*0.75, flange back length 19.55 mm"
"MV-CH1510-11XC-M72-TF","14208","10640","3.76","66.7 mm","Color","Rolling","6.2","CoaXPress","1200","12","78.7","M72*0.75, flange back length 19.55 mm"
"MV-CH1510-11XM-M72-TF","14208","10640","3.76","66.7 mm","Mono","Rolling","6.2","CoaXPress","1200","12","78.7","M72*0.75, flange back length 19.55 mm"
"MV-CH160-60GM","4000","4000","3.2","1.1""","Mono","Global","7.25","GigE","120","12","65","C"
"MV-CH210-90Q2M-M58S-NF","5120","4096","4.5","23.04 mm Ã 18.43 mm","Mono","Global","541","QSFP+ Ã 2","1000","12","65","M58"
"MV-CH210-90YC-M58S-NN","5120","4096","4.5","23.04 mm Ã 18.43 mm","Color","Global","222","CoaXPress","1200","12","65","M58"
"MV-CH210-90YM-M58S-NN","5120","4096","4.5","23.04 mm Ã 18.43 mm","Mono","Global","222","CoaXPress","1200","12","65","M58"
"MV-CH240-10TM-C-NN","5328","4600","2.74","1.2""","","Global","35.1","GigE","120","12","71","C"
"MV-CH2450-10YC-M72-TF","19200","12800","2.81","64.84 mm","Color","Rolling","12.4","CoaXPress","1200","12","71.8","M72*0.75, flange back length 19.55 mm"
"MV-CH2450-10YM-M72-TF","19200","12800","2.81","64.84 mm","Mono","Rolling","12.4","CoaXPress","1200","12","71.9","M72*0.75, flange back length 19.55 mm"
"MV-CH250-20CM-M58S-NN","5120","5120","4.5","23 mm Ã 23 mm","","Global","31.3","CameraLink","680","12","59","M58"
"MV-CH250-20XM-M58S-NN","5120","5120","4.5","23 mm Ã 23 mm","Mono","Global","80","CoaXPress","1200","12","58","M58"
"MV-CH250-25TC-M58S-NF","5120","5120","4.5","23 mm Ã 23 mm","Color","Global","40","GigE","120","12","58","M58"
"MV-CH250-25TM-F-NF","5120","5120","4.5","23 mm Ã 23 mm","Mono","Global","40","GigE","120","12","58","F"
"MV-CH250-25TM-M58S-NF","5120","5120","4.5","23 mm Ã 23 mm","Mono","Global","40","GigE","120","12","58","M58"
"MV-CH250-60TM-M58S-NF","5120","5120","4.5","23 mm Ã 23 mm","","Global","31.7","GigE","120","12","66","M58"
"MV-CH250-60UC","5120","5120","2.5","12.6 mm Ã 12.6 mm","Color","Rolling","14.8","USB3","380","12","69.3","C"
"MV-CH250-60UM","5120","5120","2.5","12.6 mm Ã 12.6 mm","Mono","Rolling","14.8","USB3","380","12","69.3","C"
"MV-CH250-90GC","5120","5120","2.5","1.1""","Color","Global","4.5","GigE","120","12","63","C"
"MV-CH250-90GM","5120","5120","2.5","1.1""","Mono","Global","4.5","GigE","120","12","63","C"
"MV-CH250-90GN","5120","5120","2.5","1.1""","NIR","Global","4.5","GigE","120","12","63","C"
"MV-CH250-90TC-C-NF","5120","5120","2.5","1.1""","Color","Global","41.5","GigE","120","12","63","C"
"MV-CH250-90TC-M58S-NF","5120","5120","2.5","1.1""","Color","Global","41.5","GigE","120","12","63","M58"
"MV-CH250-90TM-C-NF","5120","5120","2.5","1.1""","Mono","Global","41.5","GigE","120","12","63","C"
"MV-CH250-90TM-M58S-NF","5120","5120","2.5","1.1""","Mono","Global","41.5","GigE","120","12","63","M58"
"MV-CH250-90UC V4","5120","5120","2.5","1.1""","Color","Global","14","USB3","380","12","65","C"
"MV-CH250-90UM V4","5120","5120","2.5","1.1""","Mono","Global","14","USB3","380","12","65","C"
"MV-CH250-90UN V4","5120","5120","2.5","1.1""","Mono","Global","14","USB3","380","12","65","C"
"MV-CH250-90VC","5120","5120","2.5","1.1""","Color","Global","30","USB3","380","12","65","C"
"MV-CH250-90VM","5120","5120","2.5","1.1""","Mono","Global","30","USB3","380","12","65","C"
"MV-CH250-90XC-C-NN","5120","5120","2.5","1.1""","Color","Global","41.5","CoaXPress","1200","12","65","C"
"MV-CH250-90XM-C-NN","5120","5120","2.5","1.1""","Mono","Global","41.5","CoaXPress","1200","12","65","C"
"MV-CH250-90Y2M-C-NF","5120","5120","2.5","1.1""","Mono","Global","85","CoaXPress","1200","12","60","C"
"MV-CH250-90YC-C-NN","5120","5120","2.5","1.1""","","Global","150","CoaXPress","1200","12","63","C"
"MV-CH250-90YC-M58S-NN","5120","5120","2.5","1.1""","","Global","150","CoaXPress","1200","12","63","M58"
"MV-CH250-90YM-C-NN","5120","5120","2.5","1.1""","","Global","150","CoaXPress","1200","12","63","C"
"MV-CH250-90YM-M58S-NN","5120","5120","2.5","1.1""","","Global","150","CoaXPress","1200","12","63","M58"
"MV-CH250-90YN-C-NN","5120","5120","2.5","1.1""","","Global","150","CoaXPress","1200","12","63","C"
"MV-CH250-92TC-C-NF V2","5120","5120","2.5","1.1""","Color","Global","41.5","GigE","120","12","63","C"
"MV-CH250-92TC-C-NF V2","5120","5120","2.5","1.1""","Color","Global","41.5","GigE","120","12","63","C"
"MV-CH250-92TM-C-NF V2","5120","5120","2.5","1.1""","Mono","Global","41.5","GigE","120","12","63","C"
"MV-CH310-10GC-F-NF","6464","4852","3.45","22.3 mm Ã 16.7 mm","Color","Global","3.9","GigE","120","12","73","F"
"MV-CH310-10GC-M58S-NF","6464","4852","3.45","22.3 mm Ã 16.7 mm","Color","Global","3.9","GigE","120","12","73","M58"
"MV-CH310-10GM-F-NF","6464","4852","3.45","22.3 mm Ã 16.7 mm","Mono","Global","3.9","GigE","120","12","73","F"
"MV-CH310-10GM-M58S-NF","6464","4852","3.45","22.3 mm Ã 16.7 mm","Mono","Global","3.9","GigE","120","12","73","M58"
"MV-CH310-10TC-M58S-NN","6464","4852","3.45","22.3 mm Ã 16.7 mm","Color","Global","17.2","GigE","120","12","73","M58"
"MV-CH310-10TM-M58S-NN","6464","4852","3.45","22.3 mm Ã 16.7 mm","Mono","Global","17.2","GigE","120","12","73","M58"
"MV-CH500-90TC-M58S-NF","7008","7000","3.2","22.4 mm Ã 22.4 mm","Color","Global","15.5","GigE","120","12","66","M58"
"MV-CH500-90TM-F-NF","7008","7000","3.2","22.4 mm Ã 22.4 mm","Mono","Global","15.5","GigE","120","12","66","F"
"MV-CH500-90TM-M58S-NF","7008","7000","3.2","22.4 mm Ã 22.4 mm","Mono","Global","15.5","GigE","120","12","66","M58"
"MV-CH6040-10XM-M72-NF","28416","21280","3.76","66.7 mm","Mono","Rolling","1.45","CoaXPress","1200","12","78.7","M72*0.75, back focal length 19.55 mm"
"MV-CH610-10TC-F-TF","9568","6380","3.76","36 mm Ã 24 mm","Color","Rolling","17.9","GigE","120","12","75.3","F"
"MV-CH610-10TM-F-TF","9568","6380","3.76","36 mm Ã 24 mm","Mono","Rolling","17.9","GigE","120","12","75.3","F"
"MV-CH650-90TC-F-NF","9344","7000","3.2","29.9 mm Ã 22.4 mm","Color","Global","17.2","GigE","120","12","66","F"
"MV-CH650-90TC-M58S-NF","9344","7000","3.2","29.9 mm Ã 22.4 mm","Color","Global","17.2","GigE","120","12","66","M58"
"MV-CH650-90TM-F-NF","9344","7000","3.2","29.9 mm Ã 22.4 mm","Mono","Global","17.2","GigE","120","12","66","F"
"MV-CH650-90TM-M58S-NF","9344","7000","3.2","29.9 mm Ã 22.4 mm","Mono","Global","17.2","GigE","120","12","66","M58"
"MV-CH650-90XC-M58S-NF","9344","7000","3.2","29.9 mm Ã 22.4 mm","Color","Global","31.5","CoaXPress","1200","12","66","M58"
"MV-CH650-90XM-F-NF","9344","7000","3.2","29.9 mm Ã 22.4 mm","Mono","Global","31.5","CoaXPress","1200","12","66","F"
"MV-CH650-90XM-M58S-NF","9344","7000","3.2","29.9 mm Ã 22.4 mm","Mono","Global","31.5","CoaXPress","1200","12","66","M58"
"MV-CH650-90YC-F-NN","9344","7000","3.2","29.9 mm Ã 22.4 mm","","Global","71","CoaXPress","1200","12","66","M58"
"MV-CH650-90YC-M58S-NN","9344","7000","3.2","29.9 mm Ã 22.4 mm","","Global","71","CoaXPress","1200","12","66","M58"
"MV-CH650-90YM-M58S-NN","9344","7000","3.2","29.9 mm Ã 22.4 mm","","Global","71","CoaXPress","1200","12","66","M58"
"MV-CH650-90YM-M58S-NN V2","9344","7000","3.2","29.9 mm Ã 22.4 mm","","Global","71","CoaXPress","1200","12","66","M58"
"MV-CI003-GL-N15","640","512","17","","","","50","GigE","120","12","0","M34*0.75"
"MV-CI003-GL-N25","640","512","17","","","","50","GigE","120","12","0","M34*0.75"
"MV-CI003-GL-N35","640","512","17","","","","50","GigE","120","12","0","M34*0.75"
"MV-CI003-GL-N6","640","512","17","","","","50","GigE","120","12","0","M34*0.75"
"MV-CI003-GL-T6","640","512","17","","","","50","GigE","120","12","0",""
"MV-CI013-GS-NN","1280","1024","5","1/2""","","","91","GigE","120","12","56","C"
"MV-CI013-GS-TF","1280","1024","5","1/2""","","","91","GigE","120","12","56","C"
"MV-CI013-GS-TH","1280","1024","5","1/2""","","","91","GigE","120","12","56","C"
"MV-CI050-Y1S-NN","2592","2056","3.45","1/1.4""","Mono","Global","120","CoaXPress","1200","12","50.6","C"
"MV-CM2020C-0H","1920","1080","3.75","1/2""","Color","Rolling","60","","120","12","0","C"
"MV-CM3040C-1H","2560","1440","2.9","1/1.88""","Color","Rolling","30","","120","12","0","C"
"MV-CM3040C-1H(MSD)","2560","1440","2.9","1/1.88""","Color","Rolling","30","","120","12","0","C"
"MV-CM3120C-1H","4096","3024","2","1/1.56""","Color","Rolling","30","","120","12","0","C"
"MV-CS004-10GC","720","540","6.9","1/2.9""","","Global","125.2","GigE","120","12","0","C"
"MV-CS004-10GM","720","540","6.9","1/2.9""","","Global","125.2","GigE","120","12","62.3","C"
"MV-CS004-10UC","720","540","6.9","1/2.9""","","Global","526.5","USB3","380","12","68","C"
"MV-CS004-10UC V5","720","540","6.9","1/2.9""","Color","Global","530","USB3","380","12","68","C"
"MV-CS004-10UM","720","540","6.9","1/2.9""","","Global","526.5","USB3","380","12","73.6","C"
"MV-CS004-10UM V5","720","540","6.9","1/2.9""","Mono","Global","525.5","USB3","380","12","73.4","C"
"MV-CS004-11GC","720","540","6.9","1/2.9""","","Global","312.9","GigE","120","12","73.6","C"
"MV-CS004-11GM","720","540","6.9","1/2.9""","","Global","312.9","GigE","120","12","73.6","C"
"MV-CS013-60GN","1224","1024","6.9","2/3""","Near-infrared","Global","59.2","GigE","120","12","73.9","C"
"MV-CS016-10GC","1440","1080","3.45","1/2.9""","","Global","65.2","GigE","120","12","0","C"
"MV-CS016-10GM","1440","1080","3.45","1/2.9""","","Global","65.2","GigE","120","12","65.4","C"
"MV-CS016-10UC","1440","1080","3.45","1/2.9""","","Global","249.1","USB3","380","12","71.1","C"
"MV-CS016-10UC V5","1440","1080","3.45","1/2.9""","Color","Global","249.1","USB3","380","12","70.8","C"
"MV-CS016-10UM","1440","1080","3.45","1/2.9""","","Global","249.1","USB3","380","12","71.1","C"
"MV-CS016-10UM V5","1440","1080","3.45","1/2.9""","Mono","Global","249.1","USB3","380","12","70.8","C"
"MV-CS016-11GM","1440","1080","3.45","1/2.9""","","Global","78.2","GigE","120","12","74","C"
"MV-CS020-10GC","1624","1240","4.5","1/1.7""","","Global","60","GigE","120","12","72.1","C"
"MV-CS020-10GM","1624","1240","4.5","1/1.7""","","Global","60","GigE","120","12","72.1","C"
"MV-CS020-10UC","1624","1240","4.5","1/1.7""","Color","Global","90","USB3","380","12","71.5","C"
"MV-CS020-10UM","1624","1240","4.5","1/1.7""","Mono","Global","90","USB3","380","12","71.5","C"
"MV-CS020-60GC","1624","1240","3.45","1/2.53""","Mono,Color","Global","60.3","GigE","120","12","66.6","C"
"MV-CS020-60GM","1624","1240","3.45","1/2.53""","Mono,Color","Global","60.3","GigE","120","12","66.6","C"
"MV-CS023-10GC","1920","1200","5.86","1/1.2""","","Global","41","GigE","120","12","72.6","C"
"MV-CS023-10GM","1920","1200","5.86","1/1.2""","","Global","41","GigE","120","12","72.6","C"
"MV-CS023-10UC","1920","1200","5.86","1/1.2""","Color","Global","41","USB3","380","12","70","C"
"MV-CS023-10UM","1920","1200","5.86","1/1.2""","Mono","Global","41","USB3","380","12","70","C"
"MV-CS028-10UM","1936","1464","4.5","2/3""","","Global","132.2","USB3","380","12","71.1","C"
"MV-CS032-10GC","2048","1536","3.45","1/1.8""","Color","Global","38.1","GigE","120","12","71.5","C"
"MV-CS032-10GM","2048","1536","3.45","1/1.8""","Mono","Global","38.1","GigE","120","12","71.5","C"
"MV-CS032-60GC","2048","1536","3.45","1/1.8""","Color","Global","38.6","GigE","120","12","73.9","C"
"MV-CS032-60GC V5","2048","1536","3.45","1/1.8""","Color","Global","38.9","GigE","120","12","73.9","C"
"MV-CS032-60GM","2048","1536","3.45","1/1.8""","Mono","Global","38.6","GigE","120","12","73.9","C"
"MV-CS032-60GM V5","2048","1536","3.45","1/1.8""","Mono","Global","38.9","GigE","120","12","73.9","C"
"MV-CS040-A0UC","2048","2048","5.5","1""","Color","Global","90.1","USB3","380","12","59.7","C"
"MV-CS040-A0UM","2048","2048","5.5","1""","Mono","Global","90.1","USB3","380","12","59.7","C"
"MV-CS050-10GC","2448","2048","3.45","2/3""","","Global","24.2","GigE","120","12","0","C"
"MV-CS050-10GC-PRO","2448","2048","3.45","2/3""","","Global","24.2","GigE","120","12","0","C"
"MV-CS050-10GM","2448","2048","3.45","2/3""","","Global","24.2","GigE","120","12","71","C"
"MV-CS050-10GM-PRO","2448","2048","3.45","2/3""","","Global","24.2","GigE","120","12","71","C"
"MV-CS050-10UC","2448","2048","3.45","2/3""","","Global","60","USB3","380","12","71","C"
"MV-CS050-10UM","2448","2048","3.45","2/3""","","Global","60","USB3","380","12","71","C"
"MV-CS050-20GC","2592","2048","3.2","2/3""","","Global","22.7","GigE","120","12","66","C"
"MV-CS050-20GM","2592","2048","3.2","2/3""","","Global","22.7","GigE","120","12","66","C"
"MV-CS050-60GC","2448","2048","3.45","2/3""","Color","Global","23","GigE","120","12","73.9","C"
"MV-CS050-60GC V5","2448","2048","3.45","2/3""","Color","Global","24.4","GigE","120","12","73.9","C"
"MV-CS050-60GM","2448","2048","3.45","2/3""","Mono","Global","23","GigE","120","12","73.9","C"
"MV-CS050-60GM V5","2448","2048","3.45","2/3""","Mono","Global","24.4","GigE","120","12","73.9","C"
"MV-CS050-60GN","2448","2048","3.45","2/3""","Near IR","Global","23","GigE","120","12","73.9","C"
"MV-CS050-60UC","2448","2048","3.45","2/3""","Color","Global","60","USB3","380","12","73.9","C"
"MV-CS050-60UC V5","2448","2048","3.45","2/3""","Mono Color","Global","60","USB3","380","12","73.9","C"
"MV-CS050-60UM","2448","2048","3.45","2/3""","Mono","Global","60","USB3","380","12","73.9","C"
"MV-CS050-60UM V5","2448","2048","3.45","2/3""","Mono Color","Global","60","USB3","380","12","73.9","C"
"MV-CS050-80GC","2448","2048","3.45","2/3""","","Global","24","GigE","120","12","61.8","C"
"MV-CS050-80GM","2448","2048","3.45","2/3""","","Global","24","GigE","120","12","61.6","C"
"MV-CS050-80UC","2448","2048","3.45","2/3""","","Global","80","USB3","380","12","61.8","C"
"MV-CS050-80UM","2448","2048","3.45","2/3""","","Global","80","USB3","380","12","60.9","C"
"MV-CS050-90GC","2448","2048","3.4","2/3""","Color","Global","24.2","GigE","120","12","66","C"
"MV-CS050-90GM","2448","2048","3.4","2/3""","Mono","Global","24.2","GigE","120","12","66","C"
"MV-CS060-10GC","3072","2048","2.4","1/1.8""","","Rolling","19.1","GigE","120","12","0","C"
"MV-CS060-10GC V5","3072","2048","2.4","1/1.8""","Color","Rolling","19.5","GigE","120","12","71.3","C"
"MV-CS060-10GC-PRO","3072","2048","2.4","1/1.8""","","Rolling","19.1","GigE","120","12","0","C"
"MV-CS060-10GM","3072","2048","2.4","1/1.8""","","Rolling","19.1","GigE","120","12","71.5","C"
"MV-CS060-10GM V5","3072","2048","2.4","1/1.8""","Mono","Rolling","19.5","GigE","120","12","71.3","C"
"MV-CS060-10GM-PRO","3072","2048","2.4","1/1.8""","","Rolling","19.1","GigE","120","12","71.5","C"
"MV-CS060-10UC","3072","2048","2.4","1/1.8""","Color","Rolling","60.9","USB3","380","12","66.2","C"
"MV-CS060-10UC-PRO","3072","2048","2.4","1/1.8""","","Rolling","59.6","USB3","380","12","0","C"
"MV-CS060-10UM","3072","2048","2.4","1/1.8""","Mono","Rolling","60.9","USB3","380","12","66.2","C"
"MV-CS060-10UM-PRO","3072","2048","2.4","1/1.8""","","Rolling","59.6","USB3","380","12","66.2","C"
"MV-CS060-RC","3072","2048","2.4","1/1.8""","Color","Rolling","42.7","USB3","380","12","71.3","C"
"MV-CS120-10GC V5","4024","3036","1.85","1/1.7â","Color","Rolling","10","GigE","120","12","69.4","C"
"MV-CS120-10GM V5","4024","3036","1.85","1/1.7â","Mono","Rolling","10","GigE","120","12","69.4","C"
"MV-CS120-10UC","4024","3036","1.85","1/1.7""","Color","Rolling","29.4","USB3","380","12","70.5","C"
"MV-CS120-10UM","4024","3036","1.85","1/1.7""","Mono","Rolling","29.4","USB3","380","12","70.5","C"
"MV-CS200-10GC","5472","3648","2.4","1""","","Rolling","5.9","GigE","120","12","0","C"
"MV-CS200-10GC V5","5472","3648","2.4","1""","","Rolling","5.9","GigE","120","12","65.5","C"
"MV-CS200-10GM","5472","3648","2.4","1""","","Rolling","5.9","GigE","120","12","65.7","C"
"MV-CS200-10GM V5","5472","3648","2.4","1""","","Rolling","5.9","GigE","120","12","65.5","C"
"MV-CS200-10GM-ADV","5472","3648","2.4","1""","Mono","Rolling","5.9","GigE","120","12","65.5","C"
"MV-CS200-10UC","5472","3648","2.4","1""","","Rolling","19.2","USB3","380","12","65.5","C"
"MV-CS200-10UC V5","5472","3648","2.4","1""","Color","Rolling","19.2","USB3","380","12","65.5","C"
"MV-CS200-10UM","5472","3648","2.4","1""","","Rolling","19.2","USB3","380","12","65.5","C"
"MV-CS200-10UM V5","5472","3648","2.4","1""","Mono","Rolling","19.2","USB3","380","12","65.5","C"
"MV-CS200-RC","5472","3648","2.4","1""","Color","Rolling","19.2","USB3","380","12","65.5","C"
"MV-CT0CG0004/G/NN/NN","720","540","6.9","1/2.9""","Color","Global","200.5","GigE","120","12","62.6","C"
"MV-CT0CG0016/G/NN/NN","1440","1080","3.45","1/2.9""","Color","Global","78.2","GigE","120","12","68.3","C"
"MV-CT0CG0020/G/NN/NN","1624","1240","3.45","1/2.53""","Color","Global","60.3","GigE","120","12","68.7","C"
"MV-CT0CG0032/G/NN/NN","2048","1536","3.45","1/1.8""","Color","Global","39","GigE","120","12","73.9","C"
"MV-CT0CG0050/G/NN/NN","2448","2048","3.45","2/3""","Color","Global","24.5","GigE","120","12","73.9","C"
"MV-CT0CG0060/R/NN/NN","3072","2048","2.4","1/1.8""","Color","Rolling","19.5","GigE","120","12","71.3","C"
"MV-CT0CG0089/G/NN/NN","4096","2160","3.45","1""","Color","Global","13.9","GigE","120","12","67.2","C"
"MV-CT0CG0120/G/NN/NN","4096","3000","3.45","1.1""","Color","Global","9.9","GigE","120","12","67.2","C"
"MV-CT0CG0120/R/NN/NN","4096","3024","2","1/1.56""","Color","Rolling","9.9","GigE","120","12","68.5","C"
"MV-CT0CG0200/R/NN/NN","5472","3648","2.4","1""","Color","Rolling","5.9","GigE","120","12","65.9","C"
"MV-CT0CU0016/G/NN/NN","1440","1080","3.45","1/2.9""","Color","Global","249","USB3","380","12","61","C"
"MV-CT0CU0020/G/NN/NN","1624","1240","3.45","1/2.53""","Color","Global","180.1","USB3","380","12","68.5","C"
"MV-CT0CU0032/G/NN/NN","2048","1536","3.45","1/1.8""","Color","Global","104.8","USB3","380","12","74.4","C"
"MV-CT0CU0050/G/NN/NN","2448","2048","3.45","2/3""","Color","Global","80","USB3","380","12","74.4","C"
"MV-CT0CU0060/R/NN/NN","3072","2048","2.4","1/1.8""","Color","Rolling","60.9","USB3","380","12","66.2","C"
"MV-CT0CU0089/G/NN/NN","4096","2160","3.45","1""","Color","Global","42","USB3","380","12","67.4","C"
"MV-CT0CU0120/G/NN/NN","4096","3000","3.45","1.1""","Color","Global","31","USB3","380","12","67.4","C"
"MV-CT0CU0200/R/NN/NN","5472","3648","2.4","1""","Color","Rolling","19.3","USB3","380","12","66.1","C"
"MV-CT0MG0004/G/NN/NN","720","540","6.9","1/2.9""","Mono","Global","200.5","GigE","120","12","62.3","C"
"MV-CT0MG0016/G/NN/NN","1440","1080","3.45","1/2.9""","Mono","Global","78.2","GigE","120","12","68.5","C"
"MV-CT0MG0020/G/NN/NN","1624","1240","3.45","1/2.53""","Mono","Global","60.3","GigE","120","12","68.5","C"
"MV-CT0MG0032/G/NN/NN","2048","1536","3.45","1/1.8""","Mono","Global","39","GigE","120","12","73.9","C"
"MV-CT0MG0050/G/NN/NN","2448","2048","3.45","2/3""","Mono","Global","24.5","GigE","120","12","73.9","C"
"MV-CT0MG0060/R/NN/NN","3072","2048","2.4","1/1.8""","Mono","Rolling","19.5","GigE","120","12","71.3","C"
"MV-CT0MG0089/G/NN/NN","4096","2160","3.45","1""","Mono","Global","13.9","GigE","120","12","67.2","C"
"MV-CT0MG0120/G/NN/NN","4096","3000","3.45","1.1""","Mono","Global","9.9","GigE","120","12","67.2","C"
"MV-CT0MG0120/R/NN/NN","4096","3024","2","1/1.56""","Mono","Rolling","9.9","GigE","120","12","68.5","C"
"MV-CT0MG0200/R/NN/NN","5472","3648","2.4","1""","Mono","Rolling","5.9","GigE","120","12","65.9","C"
"MV-CT0MU0016/G/NN/NN","1440","1080","3.45","1/2.9""","Mono","Global","249","USB3","380","12","61","C"
"MV-CT0MU0020/G/NN/NN","1624","1240","3.45","1/2.53""","Mono","Global","180.1","USB3","380","12","68.5","C"
"MV-CT0MU0032/G/NN/NN","2048","1536","3.45","1/1.8""","Mono","Global","104.8","USB3","380","12","74.4","C"
"MV-CT0MU0050/G/NN/NN","2448","2048","3.45","2/3""","Mono","Global","80","USB3","380","12","74.4","C"
"MV-CT0MU0060/R/NN/NN","3072","2048","2.4","1/1.8""","Mono","Rolling","60.9","USB3","380","12","66.2","C"
"MV-CT0MU0089/G/NN/NN","4096","2160","3.45","1""","Mono","Global","42","USB3","380","12","67.4","C"
"MV-CT0MU0120/G/NN/NN","4096","3000","3.45","1.1""","Mono","Global","31","USB3","380","12","67.4","C"
"MV-CT0MU0200/R/NN/NN","5472","3648","2.4","1""","Mono","Rolling","19.3","USB3","380","12","66.1","C"
"MV-CT1CG0004/G/NN/NN","720","540","6.9","1/2.9""","Color","Global","200.5","GigE","120","12","62.6","C"
"MV-CT1CG0016/G/NN/NN","1440","1080","3.45","1/2.9""","Color","Global","78.2","GigE","120","12","68.3","C"
"MV-CT1CG0020/G/NN/NN","1624","1240","3.45","1/2.53""","Color","Global","60.3","GigE","120","12","68.7","C"
"MV-CT1CG0032/G/NN/NN","2048","1536","3.45","1/1.8""","Color","Global","39","GigE","120","12","73.9","C"
"MV-CT1CG0050/G/NN/NN","2448","2048","3.45","2/3""","Color","Global","24.5","GigE","120","12","73.9","C"
"MV-CT1CG0060/R/NN/NN","3072","2048","2.4","1/1.8""","Color","Rolling","19.5","GigE","120","12","71.3","C"
"MV-CT1CG0089/G/NN/NN","4096","2160","3.45","1""","Color","Global","13.9","GigE","120","12","67.2","C"
"MV-CT1CG0120/G/NN/NN","4096","3000","3.45","1.1""","Color","Global","9.9","GigE","120","12","67.2","C"
"MV-CT1CG0120/R/NN/NN","4096","3024","2","1/1.56""","Color","Rolling","9.9","GigE","120","12","68.5","C"
"MV-CT1CG0200/R/NN/NN","5472","3648","2.4","1""","Color","Rolling","5.9","GigE","120","12","65.9","C"
"MV-CT1CU0032/G/NN/NN","2048","1536","3.45","1/1.8""","Color","Global","104.8","USB3","380","12","74.4","C"
"MV-CT1CU0050/G/NN/NN","2448","2048","3.45","2/3""","Color","Global","80","USB3","380","12","74.4","C"
"MV-CT1CU0089/G/NN/NN","4096","2160","3.45","1""","Color","Global","42","USB3","380","12","67.4","C"
"MV-CT1CU0120/G/NN/NN","4096","3000","3.45","1.1""","Color","Global","31","USB3","380","12","67.4","C"
"MV-CT1MG0004/G/NN/NN","720","540","6.9","1/2.9""","Mono","Global","200.5","GigE","120","12","62.3","C"
"MV-CT1MG0016/G/NN/NN","1440","1080","3.45","1/2.9""","Mono","Global","78.2","GigE","120","12","68.5","C"
"MV-CT1MG0020/G/NN/NN","1624","1240","3.45","1/2.53""","Mono","Global","60.3","GigE","120","12","68.5","C"
"MV-CT1MG0032/G/NN/NN","2048","1536","3.45","1/1.8""","Mono","Global","39","GigE","120","12","73.9","C"
"MV-CT1MG0050/G/NN/NN","2448","2048","3.45","2/3""","Mono","Global","24.5","GigE","120","12","73.9","C"
"MV-CT1MG0060/R/NN/NN","3072","2048","2.4","1/1.8""","Mono","Rolling","19.5","GigE","120","12","71.3","C"
"MV-CT1MG0089/G/NN/NN","4096","2160","3.45","1""","Mono","Global","13.9","GigE","120","12","67.2","C"
"MV-CT1MG0120/G/NN/NN","4096","3000","3.45","1.1""","Mono","Global","9.9","GigE","120","12","67.2","C"
"MV-CT1MG0120/R/NN/NN","4096","3024","2","1/1.56""","Mono","Rolling","9.9","GigE","120","12","68.5","C"
"MV-CT1MG0200/R/NN/NN","5472","3648","2.4","1""","Mono","Rolling","5.9","GigE","120","12","65.9","C"
"MV-CT1MU0032/G/NN/NN","2048","1536","3.45","1/1.8""","Mono","Global","104.8","USB3","380","12","74.4","C"
"MV-CT1MU0050/G/NN/NN","2448","2048","3.45","2/3""","Mono","Global","80","USB3","380","12","74.4","C"
"MV-CT1MU0089/G/NN/NN","4096","2160","3.45","1""","Mono","Global","42","USB3","380","12","67.4","C"
"MV-CT1MU0120/G/NN/NN","4096","3000","3.45","1.1""","Mono","Global","31","USB3","380","12","67.4","C"
"MV-CT2CG0004/G/NN/NN","720","540","6.9","1/2.9""","Color","Global","200.5","GigE","120","12","62.6","C"
"MV-CT2CG0016/G/NN/NN","1440","1080","3.45","1/2.9""","Color","Global","78.2","GigE","120","12","68.3","C"
"MV-CT2CG0020/G/NN/NN","1624","1240","3.45","1/2.53""","Color","Global","60.3","GigE","120","12","68.7","C"
"MV-CT2CG0032/G/16LC/WN","2048","1536","3.45","1/1.8""","Color","Global","39","GigE","120","12","73.9","C"
"MV-CT2CG0032/G/NN/NN","2048","1536","3.45","1/1.8""","Color","Global","39","GigE","120","12","73.9","C"
"MV-CT2CG0050/G/16LC/WN","2448","2048","3.45","2/3""","Color","Global","24.5","GigE","120","12","73.9","C"
"MV-CT2CG0050/G/NN/NN","2448","2048","3.45","2/3""","Color","Global","24.5","GigE","120","12","73.9","C"
"MV-CT2CG0060/R/16LC/WN","3072","2048","2.4","1/1.8""","Color","Rolling","19.5","GigE","120","12","71.3","C"
"MV-CT2CG0060/R/NN/NN","3072","2048","2.4","1/1.8""","Color","Rolling","19.5","GigE","120","12","71.3","C"
"MV-CT2CG0089/G/NN/NN","4096","2160","3.45","1""","Color","Global","13.9","GigE","120","12","67.2","C"
"MV-CT2CG0120/G/16LC/WN","4096","3000","3.45","1.1""","Color","Global","9.9","GigE","120","12","67.2","C"
"MV-CT2CG0120/G/NN/NN","4096","3000","3.45","1.1""","Color","Global","9.9","GigE","120","12","67.2","C"
"MV-CT2CG0120/R/NN/NN","4096","3024","2","1/1.56""","Color","Rolling","9.9","GigE","120","12","68.5","C"
"MV-CT2CG0200/R/16LC/WN","5472","3648","2.4","1""","Color","Rolling","5.9","GigE","120","12","65.9","C"
"MV-CT2CG0200/R/NN/NN","5472","3648","2.4","1""","Color","Rolling","5.9","GigE","120","12","65.9","C"
"MV-CT2CU0032/G/NN/NN","2048","1536","3.45","1/1.8""","Color","Global","104.8","USB3","380","12","74.4","C"
"MV-CT2CU0050/G/16LC/WN","2448","2048","3.45","2/3""","","Global","0","USB3","380","12","74.4","C"
"MV-CT2CU0050/G/NN/NN","2448","2048","3.45","2/3""","Color","Global","80","USB3","380","12","74.4","C"
"MV-CT2CU0089/G/NN/NN","4096","2160","3.45","1""","Color","Global","42","USB3","380","12","67.4","C"
"MV-CT2CU0120/G/16LC/WN","4096","3000","3.45","1.1""","","Global","0","USB3","380","12","67.4","C"
"MV-CT2CU0120/G/NN/NN","4096","3000","3.45","1.1""","Color","Global","31","USB3","380","12","67.4","C"
"MV-CT2MG0004/G/NN/NN","720","540","6.9","1/2.9""","Mono","Global","200.5","GigE","120","12","62.3","C"
"MV-CT2MG0016/G/NN/NN","1440","1080","3.45","1/2.9""","Mono","Global","78.2","GigE","120","12","68.5","C"
"MV-CT2MG0020/G/NN/NN","1624","1240","3.45","1/2.53""","Mono","Global","60.3","GigE","120","12","68.5","C"
"MV-CT2MG0032/G/16LC/WN","2048","1536","3.45","1/1.8""","Mono","Global","39","GigE","120","12","73.9","C"
"MV-CT2MG0032/G/NN/NN","2048","1536","3.45","1/1.8""","Mono","Global","39","GigE","120","12","73.9","C"
"MV-CT2MG0050/G/16LC/WN","2448","2048","3.45","2/3""","Mono","Global","24.5","GigE","120","12","73.9","C"
"MV-CT2MG0050/G/NN/NN","2448","2048","3.45","2/3""","Mono","Global","24.5","GigE","120","12","73.9","C"
"MV-CT2MG0060/R/NN/NN","3072","2048","2.4","1/1.8""","Mono","Rolling","19.5","GigE","120","12","71.3","C"
"MV-CT2MG0089/G/NN/NN","4096","2160","3.45","1""","Mono","Global","13.9","GigE","120","12","67.2","C"
"MV-CT2MG0120/G/16LC/WN","4096","3000","3.45","1.1""","Mono","Global","9.9","GigE","120","12","67.2","C"
"MV-CT2MG0120/G/NN/NN","4096","3000","3.45","1.1""","Mono","Global","9.9","GigE","120","12","67.2","C"
"MV-CT2MG0120/R/NN/NN","4096","3024","2","1/1.56""","Mono","Rolling","9.9","GigE","120","12","68.5","C"
"MV-CT2MG0200/R/16LC/WN","5472","3648","2.4","1""","Mono","Rolling","5.9","GigE","120","12","65.9","C"
"MV-CT2MG0200/R/NN/NN","5472","3648","2.4","1""","Mono","Rolling","5.9","GigE","120","12","65.9","C"
"MV-CT2MU0032/G/NN/NN","2048","1536","3.45","1/1.8""","Mono","Global","104.8","USB3","380","12","74.4","C"
"MV-CT2MU0050/G/16LC/WN","2448","2048","3.45","2/3""","","Global","0","USB3","380","12","74.4","C"
"MV-CT2MU0050/G/NN/NN","2448","2048","3.45","2/3""","Mono","Global","80","USB3","380","12","74.4","C"
"MV-CT2MU0089/G/NN/NN","4096","2160","3.45","1""","Mono","Global","42","USB3","380","12","67.4","C"
"MV-CT2MU0120/G/16LC/WN","4096","3000","3.45","1.1""","","Global","0","USB3","380","12","67.4","C"
"MV-CT2MU0120/G/NN/NN","4096","3000","3.45","1.1""","Mono","Global","31","USB3","380","12","67.4","C"
"MV-CU004-10GC","720","540","6.9","1/2.9""","Color","Global","126.5","GigE","120","12","74","C"
"MV-CU004-10GC V2","720","540","6.9","1/2.9""","Color","Global","126.5","GigE","120","12","74","C"
"MV-CU004-10GM","720","540","6.9","1/2.9""","Mono","Global","126.5","GigE","120","12","74","C"
"MV-CU004-10GM V2","720","540","6.9","1/2.9""","Mono","Global","126.5","GigE","120","12","74","C"
"MV-CU013-80GC","1280","1024","4","1/2.7""","Color","Global","89.9","GigE","120","12","54.5","C"
"MV-CU013-80GC V2","1280","1024","4","1/2.7""","Color","Global","89.9","GigE","120","12","54.5","C"
"MV-CU013-80GM","1280","1024","4","1/2.7""","Mono","Global","89.9","GigE","120","12","54.5","C"
"MV-CU013-80GM V2","1280","1024","4","1/2.7""","Mono","Global","89.9","GigE","120","12","54.5","C"
"MV-CU013-80UC","1280","1024","4","1/2.7""","Color","Global","240.4","USB3","380","12","50.6","C"
"MV-CU013-80UM","1280","1024","4","1/2.7""","Mono","Global","240.4","USB3","380","12","50.6","C"
"MV-CU013-A0GC","1280","1024","4.8","1/2""","Color","Global","91.3","GigE","120","12","54","C"
"MV-CU013-A0GC V2","1280","1024","4.8","1/2""","Color","Global","90.2","GigE","120","12","54","C"
"MV-CU013-A0GM","1280","1024","4.8","1/2""","Mono","Global","91.3","GigE","120","12","54","C"
"MV-CU013-A0GM V2","1280","1024","4.8","1/2""","Mono","Global","90.2","GigE","120","12","54","C"
"MV-CU013-A0UC","1280","1024","4.8","1/2""","Color","Global","201.4","USB3","380","12","53","C"
"MV-CU013-A0UM","1280","1024","4.8","1/2""","Mono","Global","201.4","USB3","380","12","53","C"
"MV-CU013-A1GC","1280","1024","4.8","1/2""","Color","Global","90","GigE","120","12","54.2","C"
"MV-CU013-A1UC","1280","1024","4.8","1/2""","Color","Global","210","USB3","380","12","54.2","C"
"MV-CU016-10GC","1440","1080","3.45","1/2.9""","Color","Global","65.8","GigE","120","12","74","C"
"MV-CU016-10GC V2","1440","1080","3.45","1/2.9""","Color","Global","65.8","GigE","120","12","74","C"
"MV-CU016-10GM","1440","1080","3.45","1/2.9""","Mono","Global","65.8","GigE","120","12","74","C"
"MV-CU016-10GM V2","1440","1080","3.45","1/2.9""","Mono","Global","65.8","GigE","120","12","74","C"
"MV-CU020-19GC V3","1920","1080","2.9","1/2.8""","Color","Rolling","56","GigE","120","12","74","C"
"MV-CU020-19GC(850nm) V3","1920","1080","2.9","1/2.8""","Mono","Rolling","56","GigE","120","12","74","C"
"MV-CU020-19GM V3","1920","1080","2.9","1/2.8""","Mono","Rolling","56","GigE","120","12","74","C"
"MV-CU020-80GC","1600","1200","3.45","1/2.6""","","Global","53.5","GigE","120","12","60.4","C"
"MV-CU020-80GC V2","1600","1200","3.45","1/2.6""","","Global","53.5","GigE","120","12","60.4","C"
"MV-CU020-80GM","1600","1200","3.45","1/2.6""","","Global","53.5","GigE","120","12","60.4","C"
"MV-CU020-80GM V2","1600","1200","3.45","1/2.6""","","Global","53.5","GigE","120","12","60.4","C"
"MV-CU020-90GC","2048","1200","4","1/1.7""","","Global","49","GigE","120","12","66.9","C"
"MV-CU020-90GC V2","2048","1200","4","1/1.7""","Color","Global","49","GigE","120","12","66.9","C"
"MV-CU020-90GM","2048","1200","4","1/1.7""","","Global","49","GigE","120","12","66.9","C"
"MV-CU020-90GM V2","2048","1200","4","1/1.7""","Mono","Global","49","GigE","120","12","66.9","C"
"MV-CU020-90UC","2048","1200","4","1/1.7""","","Global","150.2","USB3","380","12","66.9","C"
"MV-CU020-90UM","2048","1200","4","1/1.7""","","Global","150.2","USB3","380","12","66.9","C"
"MV-CU050-30GC","2592","1944","2.2","1/2.5""","Color","Rolling","24","GigE","120","12","63","C"
"MV-CU050-30GC V2","2592","1944","2.2","1/2.5""","Color","Rolling","24","GigE","120","12","63","C"
"MV-CU050-30GM","2592","1944","2.2","1/2.5""","Mono","Rolling","24","GigE","120","12","63","C"
"MV-CU050-30GM V2","2592","1944","2.2","1/2.5""","Mono","Rolling","24","GigE","120","12","63","C"
"MV-CU050-60GM","2592","1944","2.2","1/2.5""","Mono","Rolling","23.1","GigE","120","12","70.2","C"
"MV-CU050-60UM","2592","1944","2.2","1/2.5""","Mono","Rolling","48.2","USB3","380","12","65.4","C"
"MV-CU050-90GC","2600","2160","2.5","1/2""","Color","Global","21","GigE","120","12","63.8","C"
"MV-CU050-90GM","2600","2160","2.5","1/2""","Mono","Global","21","GigE","120","12","63.8","C"
"MV-CU050-90UC","2600","2160","2.5","1/2""","Color","Global","59.8","USB3","380","12","63.9","C"
"MV-CU050-90UM","2600","2160","2.5","1/2""","Mono","Global","59.8","USB3","380","12","63.9","C"
"MV-CU060-10GC","3072","2048","2.4","1/1.8""","Color","Rolling","19.1","GigE","120","12","71.3","C"
"MV-CU060-10GC V2","3072","2048","2.4","1/1.8""","Color","Rolling","19.1","GigE","120","12","71.3","C"
"MV-CU060-10GM","3072","2048","2.4","1/1.8""","Mono","Rolling","19.1","GigE","120","12","71.3","C"
"MV-CU060-10GM V2","3072","2048","2.4","1/1.8""","Mono","Rolling","19.1","GigE","120","12","71.3","C"
"MV-CU060-10UC","3072","2048","2.4","1/1.8""","Color","Rolling","59.6","USB3","380","12","66.4","C"
"MV-CU060-10UM","3072","2048","2.4","1/1.8""","Mono","Rolling","59.6","USB3","380","12","66.4","C"
"MV-CU060-60GC","3200","1944","2","1/2.4""","","Rolling","19","GigE","120","12","64","C"
"MV-CU060-60GC V2","3200","1944","2","1/2.4""","Color","Rolling","19","GigE","120","12","64","C"
"MV-CU060-60GM","3200","1944","2","1/2.4""","","Rolling","19","GigE","120","12","64","C"
"MV-CU060-60GM V2","3200","1944","2","1/2.4""","Mono","Rolling","19","GigE","120","12","64","C"
"MV-CU120-10GC","4024","3036","1.85","1/1.7""","Color","Rolling","9.7","GigE","120","12","70.5","C"
"MV-CU120-10GC V2","4024","3036","1.85","1/1.7""","Color","Rolling","9.7","GigE","120","12","70.5","C"
"MV-CU120-10GM","4024","3036","1.85","1/1.7""","Mono","Rolling","9.7","GigE","120","12","70.5","C"
"MV-CU120-10GM V2","4024","3036","1.85","1/1.7""","Mono","Rolling","9.7","GigE","120","12","70.5","C"
"MV-CU120-10UC","4024","3036","1.85","1/1.7""","Color","Rolling","29.2","USB3","380","12","69.4","C"
"MV-CU120-10UM","4024","3036","1.85","1/1.7""","Mono","Rolling","29.2","USB3","380","12","69.4","C"
"MV-CU200-20GC","5120","3840","1.4","1/1.8""","","Rolling","5.9","GigE","120","12","60","C"
"MV-CU200-20GC V2","5120","3840","1.4","1/1.8""","","Rolling","5.9","GigE","120","12","60","C"
"MV-CU200-20GM","5120","3840","1.4","1/1.8""","","Rolling","5.9","GigE","120","12","61","C"
"MV-CU200-20GM V2","5120","3840","1.4","1/1.8""","","Rolling","5.9","GigE","120","12","61","C"
"MV-DV4024-50GM","4024","3036","1.85","1/1.7""","Mono","Rolling","9.7","GigE","120","12","70.5","C"
"OPT-CC1-C250-UG3-01","5120","5120","2.5","1.1","Color","Unknown","9.5","USB3","380","12","0","C"
"OPT-CC2500-XM-04","5120","5120","2.5","1.1","Color","Global","150.0","CoaXPress","2400","12","0","C"
"OPT-CD1-C120-XGG1-01","4096","3000","3.45","1.1","Color","Unknown","50.0","10GigE","1000","12","0","C"
"OPT-CD1-C310-GG1-02","6464","4852","3.45","APS-C","Color","Global","3.9","GigE","120","12","0","M58"
"OPT-CD1-M310-GG1-02","6464","4852","3.45","APS-C","Mono","Global","3.9","GigE","120","12","0","M58"
"OPT-CD1-M500-XGG3-02","7008","7000","3.2","APS-C+","Mono","Unknown","13.0","10GigE","1000","12","0","M58"
"OPT-CM2500-XM-04","5120","5120","2.5","1.1","Mono","Global","150.0","CoaXPress","2400","12","0","C"
"OPT-CM500-LM-16","2432","2048","3.45","2/3","Mono","Global","80.0","CameraLink","680","12","0","C"
"OPT-CM6500-GM-04","9344","7000","3.2","APS-H","Mono","Global","1.7","GigE","120","12","0","M58"
"OPT-CM6500-XM-1601","9344","7000","3.2","APS-H","Mono","Global","31.5","CoaXPress","2400","12","0","F"
"VS-12M-GE-Color","4096","3000","3.45","1.1","Color","Rolling","15","GigE","120","8","38","C"
"VS-12M-USB3-Mono","4096","3000","3.45","1.1","Mono","Global","30","USB3","380","8","41","C"
"VS-20M-CXP-Mono","5472","3648","2.4","1","Mono","Global","60","CoaXPress","1200","8","40","M42"
"VS-2M-GE-Mono","1600","1200","4.5","1/1.8","Mono","Global","60","GigE","120","8","40","C"
"VS-5M-USB3-Mono","2448","2048","3.45","2/3","Mono","Global","75","USB3","380","8","42","C"
